name,year,selling_price,km_driven,fuel,seller_type,transmission,owner,mileage,engine,max_power,torque,seats,prediction,prompt,prompt_name,model_name
Ford Figo Aspire 1.5 TDCi Titanium,2017,670000,70000,Diesel,Individual,Manual,First Owner,25.83 kmpl,1498 CC,99 bhp,215Nm@ 1750-3000rpm,5.0,430073.33271095215,ridge_regression,ridge_regression,ridge_regression
Mahindra Scorpio VLX 2WD AIRBAG BSIII,2012,525000,120000,Diesel,Individual,Manual,First Owner,12.05 kmpl,2179 CC,120 bhp,290Nm@ 1800-2800rpm,8.0,595308.2027615184,ridge_regression,ridge_regression,ridge_regression
Maruti Swift Dzire VDI,2014,438999,81000,Diesel,Dealer,Manual,First Owner,23.4 kmpl,1248 CC,74 bhp,190Nm@ 2000rpm,5.0,540575.8339071533,ridge_regression,ridge_regression,ridge_regression
Ford Figo Diesel Titanium,2010,144000,50000,Diesel,Individual,Manual,Second Owner,20.0 kmpl,1399 CC,68 bhp,160Nm@ 2000rpm,5.0,183817.61249659793,ridge_regression,ridge_regression,ridge_regression
Hyundai i10 Magna 1.1L,2008,185000,110000,Petrol,Individual,Manual,Fourth & Above Owner,19.81 kmpl,1086 CC,68.05 bhp,99.04Nm@ 4500rpm,5.0,126527.42389561416,ridge_regression,ridge_regression,ridge_regression
Hyundai Sonata 2.4 GDi MT,2012,500000,330000,Petrol,Individual,Manual,Second Owner,13.44 kmpl,2359 CC,198.25 bhp,250Nm@ 4250rpm,5.0,549889.6528894216,ridge_regression,ridge_regression,ridge_regression
Maruti Vitara Brezza ZDi Plus Dual Tone,2017,775000,32000,Diesel,Dealer,Manual,First Owner,24.3 kmpl,1248 CC,88.5 bhp,200Nm@ 1750rpm,5.0,869634.6917650846,ridge_regression,ridge_regression,ridge_regression
Maruti Alto K10 VXI,2019,360000,27000,Petrol,Individual,Manual,First Owner,23.95 kmpl,998 CC,67.05 bhp,90Nm@ 3500rpm,5.0,399015.5927754362,ridge_regression,ridge_regression,ridge_regression
Mahindra Scorpio VLS AT 2.2 mHAWK,2012,440000,120000,Diesel,Individual,Automatic,Third Owner,11.79 kmpl,2179 CC,120 bhp,290Nm@ 1800-2800rpm,8.0,490421.11650713545,ridge_regression,ridge_regression,ridge_regression
Toyota Innova 2.5 G (Diesel) 7 Seater BS IV,2008,330000,193623,Diesel,Individual,Manual,Second Owner,12.8 kmpl,2494 CC,102 bhp,20.4@ 1400-3400(kgm@ rpm),8.0,435038.13724609464,ridge_regression,ridge_regression,ridge_regression
Volvo V40 D3 R-Design,2018,2475000,2000,Diesel,Dealer,Automatic,First Owner,16.8 kmpl,1984 CC,150 bhp,350Nm@ 1500-2750rpm,5.0,2474915.880090653,ridge_regression,ridge_regression,ridge_regression
Maruti Ignis 1.2 Delta BSIV,2017,370000,40000,Petrol,Individual,Manual,First Owner,20.89 kmpl,1197 CC,81.80 bhp,113Nm@ 4200rpm,5.0,435417.04916292673,ridge_regression,ridge_regression,ridge_regression
Maruti Swift Dzire ZXI Plus,2018,795000,41779,Petrol,Dealer,Manual,First Owner,21.21 kmpl,1197 CC,81.80 bhp,113Nm@ 4200rpm,5.0,794996.340255094,ridge_regression,ridge_regression,ridge_regression
Tata Indica V2 GLX BSIII,2012,200000,30078,Petrol,Dealer,Manual,First Owner,15.3 kmpl,1396 CC,70 bhp,"12.4@ 2,600(kgm@ rpm)",5.0,227893.61688324215,ridge_regression,ridge_regression,ridge_regression
Tata Hexa XE,2017,980000,53000,Diesel,Individual,Manual,First Owner,17.6 kmpl,2179 CC,147.94 bhp,320Nm@ 1500-3000rpm,7.0,1069513.86949882,ridge_regression,ridge_regression,ridge_regression
Hyundai Santro Xing GLS,2009,150000,90000,Petrol,Individual,Manual,First Owner,17.92 kmpl,1086 CC,62.1 bhp,96.1Nm@ 3000rpm,5.0,142077.24096225196,ridge_regression,ridge_regression,ridge_regression
Mahindra TUV 300 mHAWK100 T8,2017,725000,100000,Diesel,Individual,Manual,Second Owner,18.49 kmpl,1493 CC,100 bhp,240Nm@ 1600-2800rpm,7.0,670278.6624732474,ridge_regression,ridge_regression,ridge_regression
Maruti Swift ZXI BSIV,2018,730000,4773,Petrol,Dealer,Manual,First Owner,22.0 kmpl,1197 CC,81.80 bhp,113Nm@ 4200rpm,5.0,531961.8839330472,ridge_regression,ridge_regression,ridge_regression
Toyota Innova Crysta 2.8 ZX AT BSIV,2017,1850000,18890,Diesel,Dealer,Automatic,First Owner,11.36 kmpl,2755 CC,171.5 bhp,360Nm@ 1200-3400rpm,7.0,1681887.5655433356,ridge_regression,ridge_regression,ridge_regression
Isuzu MUX 2WD,2019,2700000,10000,Diesel,Individual,Automatic,First Owner,13.8 kmpl,2999 CC,174.57 bhp,380NM@ 1800-2800rpm,7.0,1768548.150795255,ridge_regression,ridge_regression,ridge_regression
Honda Jazz 1.2 VX i VTEC,2018,675000,24265,Petrol,Dealer,Manual,First Owner,18.7 kmpl,1199 CC,88.7 bhp,110Nm@ 4800rpm,5.0,553492.395118562,ridge_regression,ridge_regression,ridge_regression
Hyundai Verna 1.6 VTVT SX,2015,795000,35000,Petrol,Individual,Manual,First Owner,17.01 kmpl,1591 CC,121.3 bhp,154.9Nm@ 4200rpm,5.0,755956.9143839448,ridge_regression,ridge_regression,ridge_regression
Hyundai Verna 1.4 CRDi,2015,600000,60000,Diesel,Individual,Manual,Second Owner,24.8 kmpl,1396 CC,88.7 bhp,219.7Nm@ 1750-2750rpm,5.0,608430.1585549524,ridge_regression,ridge_regression,ridge_regression
Maruti Wagon R LXI,2003,135000,40000,Petrol,Individual,Manual,First Owner,18.9 kmpl,998 CC,67.1 bhp,90Nm@ 3500rpm,5.0,13998.130287124834,ridge_regression,ridge_regression,ridge_regression
Volkswagen Passat 2.0 TDI AT Highline,2012,900000,108000,Diesel,Dealer,Automatic,First Owner,17.42 kmpl,1968 CC,175 bhp,350Nm@ 1500-3500rpm,5.0,1470509.8559932834,ridge_regression,ridge_regression,ridge_regression
Honda Brio Exclusive Edition,2013,355000,80000,Petrol,Individual,Manual,First Owner,19.4 kmpl,1198 CC,86.8 bhp,109Nm@ 4500rpm,5.0,286860.9283023245,ridge_regression,ridge_regression,ridge_regression
Maruti Ertiga ZDI,2013,509999,148000,Diesel,Individual,Manual,First Owner,20.77 kmpl,1248 CC,88.8 bhp,200Nm@ 1750rpm,7.0,591827.5180087849,ridge_regression,ridge_regression,ridge_regression
Maruti Swift AMT ZXI,2018,600000,69779,Petrol,Dealer,Automatic,First Owner,22.0 kmpl,1197 CC,81.80 bhp,113Nm@ 4200rpm,5.0,603942.2901617441,ridge_regression,ridge_regression,ridge_regression
Ford Classic 1.6 Duratec Titanium,2014,450000,110000,Petrol,Individual,Manual,Second Owner,14.09 kmpl,1596 CC,99.6 bhp,146Nm@ 3400rpm,5.0,354513.8631424533,ridge_regression,ridge_regression,ridge_regression
Maruti Alto K10 VXI,2016,305000,40000,Petrol,Individual,Manual,First Owner,23.95 kmpl,998 CC,67.05 bhp,90Nm@ 3500rpm,5.0,305239.9676992985,ridge_regression,ridge_regression,ridge_regression
Maruti Swift Dzire VDi,2010,300000,120000,Diesel,Individual,Manual,Second Owner,19.3 kmpl,1248 CC,73.9 bhp,190Nm@ 2000rpm,5.0,281404.11986869195,ridge_regression,ridge_regression,ridge_regression
Maruti Swift VDI,2013,525000,69000,Diesel,Individual,Manual,Second Owner,22.9 kmpl,1248 CC,74 bhp,190Nm@ 2000rpm,5.0,385792.5635018913,ridge_regression,ridge_regression,ridge_regression
Mahindra Bolero 2011-2019 SLE,2015,375000,80000,Diesel,Individual,Manual,First Owner,15.96 kmpl,2523 CC,62.1 bhp,195Nm@ 1400-2200rpm,7.0,523046.91932437365,ridge_regression,ridge_regression,ridge_regression
Honda Civic 1.8 V MT,2008,375000,90000,Petrol,Individual,Manual,Third Owner,13.5 kmpl,1799 CC,130 bhp,172Nm@ 4300rpm,5.0,178097.43866254296,ridge_regression,ridge_regression,ridge_regression
Maruti Omni 8 Seater BSIV,2012,150000,35000,Petrol,Individual,Manual,Second Owner,14.0 kmpl,796 CC,35 bhp,6.1kgm@ 3000rpm,5.0,136804.129299876,ridge_regression,ridge_regression,ridge_regression
Hyundai i20 1.2 Sportz,2012,275000,93000,Petrol,Individual,Manual,Second Owner,17.0 kmpl,1197 CC,80 bhp,"11.4 kgm at 4,000 rpm",5.0,310127.4596690809,ridge_regression,ridge_regression,ridge_regression
Hyundai i20 1.2 Asta,2017,620000,25000,Petrol,Individual,Manual,First Owner,18.6 kmpl,1197 CC,81.83 bhp,114.7Nm@ 4000rpm,5.0,664748.2266976669,ridge_regression,ridge_regression,ridge_regression
Tata Tiago 1.2 Revotron XT,2018,350000,50000,Petrol,Individual,Manual,First Owner,23.84 kmpl,1199 CC,84 bhp,114Nm@ 3500rpm,5.0,439412.7843242637,ridge_regression,ridge_regression,ridge_regression
Maruti Eeco 5 Seater AC BSIV,2019,420000,10000,Petrol,Individual,Manual,First Owner,15.37 kmpl,1196 CC,73 bhp,101Nm@ 3000rpm,5.0,452548.3232530337,ridge_regression,ridge_regression,ridge_regression
Maruti Gypsy King Soft Top MPI BSIV,2002,350000,60000,Petrol,Individual,Manual,First Owner,11.96 kmpl,1298 CC,80 bhp,103Nm@ 4500rpm,8.0,124145.46329294716,ridge_regression,ridge_regression,ridge_regression
BMW X1 sDrive20d M Sport,2018,3350000,18000,Diesel,Dealer,Automatic,First Owner,19.62 kmpl,1998 CC,190 bhp,400nm@ 1750-2500rpm,5.0,1148364.2558692691,ridge_regression,ridge_regression,ridge_regression
Maruti 800 Std,1999,40000,40000,Petrol,Individual,Manual,Second Owner,16.1 kmpl,796 CC,37 bhp,59Nm@ 2500rpm,4.0,-68369.35829166812,ridge_regression,ridge_regression,ridge_regression
Maruti Swift Dzire AMT VXI,2017,635000,120000,Petrol,Individual,Automatic,First Owner,21.21 kmpl,1197 CC,81.80 bhp,113Nm@ 4200rpm,5.0,596977.1012939002,ridge_regression,ridge_regression,ridge_regression
Tata Nano Cx BSIII,2012,60000,45000,Petrol,Individual,Manual,First Owner,25.4 kmpl,624 CC,38 bhp,51Nm@ 4000+/-500rpm,4.0,86962.79873689165,ridge_regression,ridge_regression,ridge_regression
Skoda Rapid 1.6 MPI AT Elegance,2016,645000,11000,Petrol,Dealer,Automatic,First Owner,14.3 kmpl,1598 CC,103.5 bhp,153Nm@ 3800rpm,5.0,631285.067676149,ridge_regression,ridge_regression,ridge_regression
Hyundai i20 1.2 Magna,2012,320000,100000,Petrol,Individual,Manual,Second Owner,18.5 kmpl,1197 CC,80 bhp,"11.4 kgm at 4,000 rpm",5.0,241623.9755010436,ridge_regression,ridge_regression,ridge_regression
Hyundai Verna 1.6 CRDI,2012,409999,100000,Diesel,Individual,Manual,Second Owner,22.32 kmpl,1582 CC,126.3 bhp,259.9Nm@ 1900-2750rpm,5.0,448189.2748958712,ridge_regression,ridge_regression,ridge_regression
Volkswagen Polo GT TSI BSIV,2014,574000,28080,Petrol,Dealer,Automatic,First Owner,0.0 kmpl,1197 CC,103.25 bhp,175nm@ 1500-4100rpm,5.0,574954.5580294272,ridge_regression,ridge_regression,ridge_regression
Maruti Ciaz ZXi Plus,2015,610000,33000,Petrol,Individual,Manual,First Owner,20.73 kmpl,1373 CC,91.1 bhp,130Nm@ 4000rpm,5.0,610075.5445626912,ridge_regression,ridge_regression,ridge_regression
Maruti Swift VVT ZXI,2017,610000,15000,Petrol,Individual,Manual,First Owner,22.0 kmpl,1197 CC,81.80 bhp,113Nm@ 4200rpm,5.0,489782.1290501533,ridge_regression,ridge_regression,ridge_regression
Maruti Swift Dzire VDI,2016,561000,30000,Diesel,Individual,Manual,First Owner,26.59 kmpl,1248 CC,74 bhp,190Nm@ 2000rpm,5.0,617424.9545004456,ridge_regression,ridge_regression,ridge_regression
Tata Hexa XM,2017,1200000,30000,Diesel,Individual,Manual,First Owner,17.6 kmpl,2179 CC,153.86 bhp,400Nm@ 1750-2500rpm,7.0,1251913.6036034666,ridge_regression,ridge_regression,ridge_regression
Tata Indica V2 DLS TC,2008,100000,40000,Diesel,Individual,Manual,First Owner,16.8 kmpl,1405 CC,62 bhp,"12.5@ 2,500(kgm@ rpm)",5.0,194553.05630167195,ridge_regression,ridge_regression,ridge_regression
Hyundai i20 1.2 Magna,2012,320000,51856,Petrol,Dealer,Manual,Third Owner,18.5 kmpl,1197 CC,80 bhp,"11.4 kgm at 4,000 rpm",5.0,250527.86693372217,ridge_regression,ridge_regression,ridge_regression
Maruti Swift Dzire VDI,2013,530000,40000,Diesel,Individual,Manual,First Owner,23.4 kmpl,1248 CC,74 bhp,190Nm@ 2000rpm,5.0,506694.1143109035,ridge_regression,ridge_regression,ridge_regression
BMW X6 xDrive30d,2013,3750000,56000,Diesel,Dealer,Automatic,First Owner,11.2 kmpl,2993 CC,241 bhp,540Nm@ 2000rpm,4.0,3749794.612539668,ridge_regression,ridge_regression,ridge_regression
Maruti Alto LXi,2010,160000,36659,Petrol,Individual,Manual,First Owner,19.7 kmpl,796 CC,46.3 bhp,62Nm@ 3000rpm,5.0,203481.30315913452,ridge_regression,ridge_regression,ridge_regression
Toyota Innova 2.5 G (Diesel) 8 Seater,2015,850000,100000,Diesel,Individual,Manual,First Owner,12.99 kmpl,2494 CC,100.6 bhp,200Nm@ 1400-3400rpm,8.0,978326.8535200707,ridge_regression,ridge_regression,ridge_regression
Toyota Etios Liva GD,2013,409999,45000,Diesel,Individual,Manual,First Owner,23.59 kmpl,1364 CC,67.06 bhp,170Nm@ 1800-2400rpm,5.0,372687.57977230265,ridge_regression,ridge_regression,ridge_regression
Tata Tigor 1.2 Revotron XZ,2019,520000,14000,Petrol,Individual,Manual,First Owner,20.3 kmpl,1199 CC,84 bhp,114Nm@ 3500rpm,5.0,496362.6346329994,ridge_regression,ridge_regression,ridge_regression
Hyundai Grand i10 1.2 Kappa Sportz BSIV,2018,610000,10000,Petrol,Individual,Manual,First Owner,18.9 kmpl,1197 CC,81.86 bhp,113.75nm@ 4000rpm,5.0,539731.042276973,ridge_regression,ridge_regression,ridge_regression
Maruti Zen Estilo 1.1 LX BSIII,2007,70000,80000,Petrol,Individual,Manual,Second Owner,18.2 kmpl,1061 CC,64 bhp,84Nm@ 3500rpm,5.0,63876.44513367693,ridge_regression,ridge_regression,ridge_regression
Maruti Baleno Zeta Automatic,2019,675000,5000,Petrol,Individual,Automatic,First Owner,21.4 kmpl,1197 CC,83.1 bhp,115Nm@ 4000rpm,5.0,786994.4553252324,ridge_regression,ridge_regression,ridge_regression
Maruti Wagon R LXI,2006,70000,110000,Petrol,Individual,Manual,Fourth & Above Owner,18.9 kmpl,998 CC,67.1 bhp,90Nm@ 3500rpm,5.0,66668.97266120621,ridge_regression,ridge_regression,ridge_regression
Volkswagen Vento Diesel Highline,2013,450000,170000,Diesel,Individual,Manual,First Owner,20.54 kmpl,1598 CC,103.6 bhp,250Nm@ 1500-2500rpm,5.0,370420.6262985888,ridge_regression,ridge_regression,ridge_regression
Hyundai Xcent 1.2 CRDi E,2018,500000,35000,Diesel,Individual,Manual,First Owner,25.4 kmpl,1186 CC,73.97 bhp,190.25nm@ 1750-2250rpm,5.0,667278.6988160321,ridge_regression,ridge_regression,ridge_regression
Maruti Swift Dzire VDI,2013,470000,82000,Diesel,Dealer,Manual,Second Owner,26.59 kmpl,1248 CC,74 bhp,190Nm@ 2000rpm,5.0,499751.076966439,ridge_regression,ridge_regression,ridge_regression
Skoda Rapid 1.6 TDI Elegance,2011,411000,64481,Diesel,Dealer,Manual,Second Owner,20.5 kmpl,1598 CC,103.5 bhp,250Nm@ 1500-2500rpm,5.0,416052.72537235863,ridge_regression,ridge_regression,ridge_regression
Mahindra XUV500 W6 2WD,2013,600000,91000,Diesel,Individual,Manual,First Owner,15.1 kmpl,2179 CC,140 bhp,330Nm@ 1600-2800rpm,7.0,750914.1992476467,ridge_regression,ridge_regression,ridge_regression
Volkswagen Vento Diesel Comfortline,2011,260000,120000,Diesel,Individual,Manual,Third Owner,20.54 kmpl,1598 CC,103.6 bhp,250Nm@ 1500-2500rpm,5.0,372667.8094317139,ridge_regression,ridge_regression,ridge_regression
Tata New Safari DICOR 2.2 EX 4x2,2009,150000,150000,Diesel,Individual,Manual,Fourth & Above Owner,11.57 kmpl,2179 CC,138.1 bhp,320Nm@ 1700-2700rpm,7.0,256573.0886928946,ridge_regression,ridge_regression,ridge_regression
Mahindra Marazzo M6 8Str,2018,1200000,35000,Diesel,Individual,Manual,First Owner,17.3 kmpl,1497 CC,121 bhp,300Nm@ 1750-2500rpm,8.0,1270203.649691967,ridge_regression,ridge_regression,ridge_regression
Maruti Alto LXi,2011,130000,100000,Petrol,Individual,Manual,Second Owner,19.7 kmpl,796 CC,46.3 bhp,62Nm@ 3000rpm,5.0,196230.23970857792,ridge_regression,ridge_regression,ridge_regression
Toyota Fortuner 4x2 Manual,2014,1380000,150000,Diesel,Individual,Manual,First Owner,13.0 kmpl,2982 CC,168.5 bhp,343Nm@ 1400-3400rpm,7.0,1505898.6216228327,ridge_regression,ridge_regression,ridge_regression
Honda Amaze SX i-DTEC,2017,650000,50000,Diesel,Individual,Manual,First Owner,25.8 kmpl,1498 CC,98.6 bhp,200Nm@ 1750rpm,5.0,578287.5431388693,ridge_regression,ridge_regression,ridge_regression
BMW X1 sDrive20d M Sport,2011,1075000,42545,Diesel,Dealer,Automatic,First Owner,19.62 kmpl,1998 CC,190 bhp,400nm@ 1750-2500rpm,5.0,930492.0905549198,ridge_regression,ridge_regression,ridge_regression
Chevrolet Tavera Neo 3 LS 10 Seats BSIII,2013,454000,120000,Diesel,Individual,Manual,Second Owner,13.58 kmpl,2499 CC,72.4 bhp,171Nm@ 1800rpm,10.0,508944.08225381374,ridge_regression,ridge_regression,ridge_regression
Hyundai Grand i10 Magna AT,2019,625000,4337,Petrol,Dealer,Automatic,First Owner,18.9 kmpl,1197 CC,82 bhp,114Nm@ 4000rpm,5.0,1046330.0138903968,ridge_regression,ridge_regression,ridge_regression
Volvo V40 D3 R-Design,2018,2475000,2000,Diesel,Dealer,Automatic,First Owner,16.8 kmpl,1984 CC,150 bhp,350Nm@ 1500-2750rpm,5.0,2474915.880090653,ridge_regression,ridge_regression,ridge_regression
Ford Figo Diesel Titanium,2011,225000,90000,Diesel,Individual,Manual,Second Owner,20.0 kmpl,1399 CC,68 bhp,160Nm@ 2000rpm,5.0,207894.79349263292,ridge_regression,ridge_regression,ridge_regression
Mahindra TUV 300 T8,2016,625000,120000,Diesel,Individual,Manual,First Owner,18.49 kmpl,1493 CC,100 bhp,240Nm@ 1600-2800rpm,7.0,654486.9547665729,ridge_regression,ridge_regression,ridge_regression
Hyundai Grand i10 AT Sportz,2014,374000,54043,Petrol,Dealer,Automatic,First Owner,18.9 kmpl,1197 CC,81.86 bhp,113.75Nm@ 4000rpm,5.0,855696.8594023306,ridge_regression,ridge_regression,ridge_regression
Mahindra Scorpio M2DI,2011,400000,475000,Diesel,Individual,Manual,Third Owner,13.5 kmpl,2179 CC,115 bhp,277.5Nm@ 1700-2200rpm,5.0,338702.9654669032,ridge_regression,ridge_regression,ridge_regression
Mahindra Bolero 2011-2019 DI NON AC BS III White,2013,400000,80000,Diesel,Individual,Manual,First Owner,15.96 kmpl,2523 CC,63 bhp,180Nm@ 1440-1500rpm,9.0,394608.43102971115,ridge_regression,ridge_regression,ridge_regression
Maruti Swift Dzire AMT ZXI Plus,2019,750000,6500,Petrol,Individual,Automatic,First Owner,21.21 kmpl,1197 CC,81.80 bhp,113Nm@ 4200rpm,5.0,750075.7947819701,ridge_regression,ridge_regression,ridge_regression
Maruti Swift AMT VVT VXI,2019,650000,5621,Petrol,Trustmark Dealer,Automatic,First Owner,22.0 kmpl,1197 CC,81.80 bhp,113Nm@ 4200rpm,5.0,650073.7397045924,ridge_regression,ridge_regression,ridge_regression
Tata Zest Revotron 1.2 XT,2020,500000,40000,Petrol,Individual,Manual,First Owner,17.57 kmpl,1193 CC,88.7 bhp,140Nm@ 1500-4000rpm,5.0,545307.7673959465,ridge_regression,ridge_regression,ridge_regression
Maruti Swift AMT ZXI,2018,600000,69779,Petrol,Dealer,Automatic,First Owner,22.0 kmpl,1197 CC,81.80 bhp,113Nm@ 4200rpm,5.0,603942.2901617441,ridge_regression,ridge_regression,ridge_regression
Hyundai i20 Sportz 1.4 CRDi,2013,425000,101000,Diesel,Dealer,Manual,First Owner,21.9 kmpl,1396 CC,88.76 bhp,219.6Nm@ 1750-2750rpm,5.0,401757.5005762481,ridge_regression,ridge_regression,ridge_regression
Honda BRV i-VTEC V MT,2016,725000,140000,Petrol,Individual,Manual,First Owner,15.4 kmpl,1497 CC,117.3 bhp,145Nm@ 4600rpm,7.0,639235.6523269061,ridge_regression,ridge_regression,ridge_regression
Maruti Swift Dzire VDI,2014,500000,120000,Diesel,Individual,Manual,Second Owner,23.4 kmpl,1248 CC,74 bhp,190Nm@ 2000rpm,5.0,496744.5330896361,ridge_regression,ridge_regression,ridge_regression
Maruti Wagon R LXI,2005,65000,90000,Petrol,Individual,Manual,Second Owner,18.9 kmpl,998 CC,67.1 bhp,90Nm@ 3500rpm,5.0,39464.72063454095,ridge_regression,ridge_regression,ridge_regression
Hyundai Getz 1.1 GVS,2008,155000,60000,Petrol,Individual,Manual,Third Owner,15.0 kmpl,1086 CC,66.6 bhp,"10.4@ 3,200(kgm@ rpm)",5.0,126566.15462097607,ridge_regression,ridge_regression,ridge_regression
Toyota Innova 2.5 G (Diesel) 7 Seater,2014,750000,120000,Diesel,Individual,Manual,First Owner,12.99 kmpl,2494 CC,100.6 bhp,200Nm@ 1400-3400rpm,7.0,826252.8341792701,ridge_regression,ridge_regression,ridge_regression
Maruti Alto 800 LXI,2014,180000,55000,Petrol,Individual,Manual,First Owner,22.74 kmpl,796 CC,47.3 bhp,69Nm@ 3500rpm,5.0,220566.39616754,ridge_regression,ridge_regression,ridge_regression
Audi A3 40 TFSI Premium,2017,1689999,8000,Petrol,Dealer,Automatic,First Owner,16.6 kmpl,1798 CC,177.5 bhp,250Nm@ 1250-5000rpm,5.0,1580905.3201044002,ridge_regression,ridge_regression,ridge_regression
Toyota Innova 2.5 G (Diesel) 8 Seater,2013,1000000,190000,Diesel,Individual,Manual,First Owner,12.99 kmpl,2494 CC,100.6 bhp,200Nm@ 1200-3600rpm,8.0,863491.340221989,ridge_regression,ridge_regression,ridge_regression
Jaguar XE 2016-2019 2.0L Diesel Prestige,2017,2711000,9000,Diesel,Dealer,Automatic,First Owner,13.6 kmpl,1999 CC,177 bhp,430Nm@ 1750-2500rpm,5.0,2673561.325243295,ridge_regression,ridge_regression,ridge_regression
Maruti Swift Dzire VDI,2017,650000,70000,Diesel,Individual,Manual,First Owner,26.59 kmpl,1248 CC,74 bhp,190Nm@ 2000rpm,5.0,641502.1354964806,ridge_regression,ridge_regression,ridge_regression
Lexus ES 300h,2019,5150000,20000,Petrol,Dealer,Automatic,First Owner,22.37 kmpl,2487 CC,214.56 bhp,202Nm@ 3600-5200rpm,5.0,5149630.405730356,ridge_regression,ridge_regression,ridge_regression
Maruti Alto K10 Knightracer,2012,260000,16830,Petrol,Individual,Manual,First Owner,20.2 kmpl,998 CC,67.1 bhp,90Nm@ 3500rpm,5.0,286403.9221839606,ridge_regression,ridge_regression,ridge_regression
Honda Jazz V CVT,2017,725000,6550,Petrol,Individual,Automatic,First Owner,18.2 kmpl,1199 CC,88.7 bhp,110Nm@ 4800rpm,5.0,725135.415793988,ridge_regression,ridge_regression,ridge_regression
Maruti Wagon R VXI,2003,65000,70000,Petrol,Individual,Manual,Fourth & Above Owner,18.9 kmpl,998 CC,67.1 bhp,90Nm@ 3500rpm,5.0,-7646.070251263387,ridge_regression,ridge_regression,ridge_regression
Renault Duster 110PS Diesel RxZ,2014,409999,188000,Diesel,Individual,Manual,Second Owner,19.01 kmpl,1461 CC,108.45 bhp,248Nm@ 2250rpm,5.0,535272.0118700191,ridge_regression,ridge_regression,ridge_regression
Renault KWID RXT Optional,2019,290000,21000,Petrol,Individual,Manual,First Owner,25.17 kmpl,799 CC,53.3 bhp,72Nm@ 4386rpm,5.0,379947.8964942078,ridge_regression,ridge_regression,ridge_regression
Maruti A-Star Vxi,2009,120000,140000,Petrol,Individual,Manual,Third Owner,19.0 kmpl,998 CC,66.1 bhp,90Nm@ 3500rpm,5.0,165922.72846046777,ridge_regression,ridge_regression,ridge_regression
Honda City 2017-2020 VTEC,2006,150000,120000,Petrol,Individual,Manual,Second Owner,16.9 kmpl,1497 CC,100 bhp,"13.5@ 4,800(kgm@ rpm)",5.0,151800.67721175868,ridge_regression,ridge_regression,ridge_regression
Maruti Baleno Alpha 1.3,2018,740000,38817,Diesel,Dealer,Manual,First Owner,27.39 kmpl,1248 CC,74 bhp,190Nm@ 2000rpm,5.0,755530.6249949276,ridge_regression,ridge_regression,ridge_regression
Mahindra Logan Diesel 1.5 DLS,2011,229999,105000,Diesel,Individual,Manual,Second Owner,19.2 kmpl,1461 CC,65 bhp,"16@ 2,000(kgm@ rpm)",5.0,334051.37004951225,ridge_regression,ridge_regression,ridge_regression
Toyota Yaris V BSIV,2018,1000000,5229,Petrol,Trustmark Dealer,Manual,First Owner,17.1 kmpl,1496 CC,105.5 bhp,140Nm@ 4200rpm,5.0,999896.5651103797,ridge_regression,ridge_regression,ridge_regression
Mahindra XUV500 W10 2WD,2016,1350000,25000,Diesel,Individual,Manual,First Owner,16.0 kmpl,2179 CC,140 bhp,330Nm@ 1600-2800rpm,7.0,1169332.3541547856,ridge_regression,ridge_regression,ridge_regression
Hyundai Verna SX CRDi AT,2012,500000,90000,Diesel,Individual,Automatic,First Owner,19.08 kmpl,1582 CC,126.32 bhp,259.8Nm@ 1900-2750rpm,5.0,1076118.8758053603,ridge_regression,ridge_regression,ridge_regression
Maruti Swift VXI,2013,325000,150000,Petrol,Individual,Manual,Second Owner,18.6 kmpl,1197 CC,85.8 bhp,114Nm@ 4000rpm,5.0,377510.91546477866,ridge_regression,ridge_regression,ridge_regression
Mahindra XUV500 AT W6 2WD,2017,1050000,46000,Diesel,Individual,Automatic,First Owner,16.0 kmpl,2179 CC,140 bhp,330Nm@ 1600-2800rpm,7.0,967774.0769182446,ridge_regression,ridge_regression,ridge_regression
Tata Indigo eCS GLS,2013,210000,120000,Petrol,Individual,Manual,First Owner,15.64 kmpl,1193 CC,64.1 bhp,100Nm@ 2700rpm,5.0,333514.5308183656,ridge_regression,ridge_regression,ridge_regression
Honda WR-V i-VTEC S,2018,780000,30000,Petrol,Individual,Manual,First Owner,17.5 kmpl,1199 CC,88.7 bhp,110Nm@ 4800rpm,5.0,728215.8939567164,ridge_regression,ridge_regression,ridge_regression
Hyundai EON Magna Plus,2016,335000,17000,Petrol,Individual,Manual,First Owner,21.1 kmpl,814 CC,55.2 bhp,74.5Nm@ 4000rpm,5.0,306871.4839515803,ridge_regression,ridge_regression,ridge_regression
Honda Amaze V CVT Petrol BSIV,2019,779000,7032,Petrol,Trustmark Dealer,Automatic,First Owner,19.0 kmpl,1199 CC,88.76 bhp,110Nm@ 4800rpm,5.0,779146.4876214578,ridge_regression,ridge_regression,ridge_regression
Maruti Alto STD,2009,114999,100000,Petrol,Individual,Manual,First Owner,19.7 kmpl,796 CC,46.3 bhp,62Nm@ 3000rpm,5.0,148785.74055537902,ridge_regression,ridge_regression,ridge_regression
Honda Amaze S i-VTEC,2019,690000,1303,Petrol,Dealer,Manual,First Owner,17.8 kmpl,1198 CC,86.7 bhp,109Nm@ 4500rpm,5.0,669293.3228474094,ridge_regression,ridge_regression,ridge_regression
Maruti Alto K10 VXI,2016,298000,70000,Petrol,Individual,Manual,First Owner,23.95 kmpl,998 CC,67.05 bhp,90Nm@ 3500rpm,5.0,300380.40031102055,ridge_regression,ridge_regression,ridge_regression
Chevrolet Spark 1.0 LT Option Pack w/ Airbag,2009,200000,30000,Petrol,Individual,Manual,First Owner,16.5 kmpl,995 CC,63 bhp,90.3Nm@ 4200rpm,5.0,109353.76438175351,ridge_regression,ridge_regression,ridge_regression
Maruti Swift Dzire VDI,2018,700000,50000,Diesel,Individual,Manual,First Owner,28.4 kmpl,1248 CC,74.02 bhp,190Nm@ 2000rpm,5.0,685278.653921298,ridge_regression,ridge_regression,ridge_regression
Maruti Swift ZXI 2018,2018,750000,15000,Petrol,Dealer,Manual,First Owner,22.0 kmpl,1197 CC,81.80 bhp,113Nm@ 4200rpm,5.0,750032.7531618099,ridge_regression,ridge_regression,ridge_regression
Hyundai EON Era Plus,2012,270000,43755,Petrol,Dealer,Manual,Second Owner,21.1 kmpl,814 CC,55.2 bhp,74.5Nm@ 4000rpm,5.0,161316.79933354503,ridge_regression,ridge_regression,ridge_regression
Maruti Wagon R VXI 1.2,2015,425000,75000,Petrol,Dealer,Manual,First Owner,20.52 kmpl,1197 CC,81.80 bhp,113Nm@ 4200rpm,5.0,354590.5974107251,ridge_regression,ridge_regression,ridge_regression
BMW 5 Series 520d Luxury Line,2016,2900000,12000,Diesel,Dealer,Automatic,First Owner,18.12 kmpl,1995 CC,190 bhp,400Nm@ 1750-2500rpm,5.0,4476633.350178209,ridge_regression,ridge_regression,ridge_regression
Tata Manza Aura Quadrajet,2011,229999,110000,Diesel,Individual,Manual,Second Owner,18.8 kmpl,1248 CC,90 bhp,200Nm@ 1750-3000rpm,5.0,248499.0153625406,ridge_regression,ridge_regression,ridge_regression
Honda City i DTEC V,2015,600000,128000,Diesel,Dealer,Manual,First Owner,26.0 kmpl,1498 CC,98.6 bhp,200Nm@ 1750rpm,5.0,699303.6523786181,ridge_regression,ridge_regression,ridge_regression
Hyundai i20 1.2 Magna Executive,2014,415000,72000,Petrol,Dealer,Manual,First Owner,18.6 kmpl,1197 CC,81.83 bhp,114.7Nm@ 4000rpm,5.0,488726.6712934175,ridge_regression,ridge_regression,ridge_regression
Chevrolet Optra Magnum 2.0 LT,2008,210000,90000,Diesel,Individual,Manual,Fourth & Above Owner,16.52 kmpl,1991 CC,123.7 bhp,305Nm@ 2000rpm,5.0,433285.6209522817,ridge_regression,ridge_regression,ridge_regression
Volvo V40 D3 R-Design,2018,2475000,2000,Diesel,Dealer,Automatic,First Owner,16.8 kmpl,1984 CC,150 bhp,350Nm@ 1500-2750rpm,5.0,2474915.880090653,ridge_regression,ridge_regression,ridge_regression
Maruti Ciaz ZDi,2014,560000,90000,Diesel,Individual,Manual,Second Owner,26.21 kmpl,1248 CC,88.5 bhp,200Nm@ 1750rpm,5.0,532372.3944633506,ridge_regression,ridge_regression,ridge_regression
Mahindra Scorpio S4 Plus 4WD,2017,950000,54470,Diesel,Dealer,Manual,First Owner,15.4 kmpl,2179 CC,120 bhp,280Nm@ 1800-2800rpm,7.0,965110.1187268696,ridge_regression,ridge_regression,ridge_regression
Maruti Vitara Brezza VDi,2018,800000,27000,Diesel,Individual,Manual,First Owner,24.3 kmpl,1248 CC,88.5 bhp,200Nm@ 1750rpm,5.0,786922.7873976158,ridge_regression,ridge_regression,ridge_regression
Hyundai EON Magna Plus,2017,280000,50000,Petrol,Individual,Manual,Second Owner,21.1 kmpl,814 CC,55.2 bhp,74.5Nm@ 4000rpm,5.0,304535.22497194837,ridge_regression,ridge_regression,ridge_regression
Tata Safari Storme EX,2015,503000,110000,Diesel,Individual,Manual,First Owner,14.1 kmpl,2179 CC,147.94 bhp,320Nm@ 1500-3000rpm,7.0,556583.1961254346,ridge_regression,ridge_regression,ridge_regression
Renault KWID 1.0,2016,220000,20000,Petrol,Individual,Manual,First Owner,23.01 kmpl,999 CC,67 bhp,91Nm@ 4250rpm,5.0,298927.2003852897,ridge_regression,ridge_regression,ridge_regression
Hyundai EON Era Plus,2013,165000,45000,Petrol,Individual,Manual,Second Owner,21.1 kmpl,814 CC,55.2 bhp,74.5Nm@ 4000rpm,5.0,181705.20728751307,ridge_regression,ridge_regression,ridge_regression
Mercedes-Benz New C-Class C 200 Kompressor Elegance AT,2007,400000,42000,Petrol,Dealer,Automatic,First Owner,11.74 kmpl,1796 CC,186 bhp,285Nm@ 2400-4000rpm,5.0,1217820.0164317135,ridge_regression,ridge_regression,ridge_regression
Maruti Wagon R VXI BS IV,2011,246000,139000,Petrol,Individual,Manual,First Owner,18.9 kmpl,998 CC,67.1 bhp,90Nm@ 3500rpm,5.0,220276.9928454387,ridge_regression,ridge_regression,ridge_regression
BMW X1 sDrive20d M Sport,2018,3350000,18000,Diesel,Dealer,Automatic,First Owner,19.62 kmpl,1998 CC,190 bhp,400nm@ 1750-2500rpm,5.0,1148364.2558692691,ridge_regression,ridge_regression,ridge_regression
Hyundai i20 1.4 CRDi Asta,2011,350000,90000,Diesel,Individual,Manual,Third Owner,23.0 kmpl,1396 CC,90 bhp,22.4 kgm at 1750-2750rpm,5.0,328179.00058950565,ridge_regression,ridge_regression,ridge_regression
Datsun GO Plus A,2016,385000,20000,Petrol,Individual,Manual,First Owner,20.62 kmpl,1198 CC,67 bhp,104Nm@ 4000rpm,7.0,386931.69133908063,ridge_regression,ridge_regression,ridge_regression
Hyundai i20 1.2 Asta,2017,610000,40000,Petrol,Individual,Manual,First Owner,18.6 kmpl,1197 CC,81.83 bhp,114.7Nm@ 4000rpm,5.0,662318.4430035279,ridge_regression,ridge_regression,ridge_regression
Toyota Corolla DX,2005,275000,96000,Petrol,Individual,Manual,Second Owner,13.4 kmpl,1794 CC,125 bhp,"16.1@ 4,200(kgm@ rpm)",5.0,268337.4865127341,ridge_regression,ridge_regression,ridge_regression
Mahindra Scorpio 2009-2014 SLE 7S BSIV,2014,675000,120000,Diesel,Individual,Manual,First Owner,12.05 kmpl,2179 CC,120 bhp,290Nm@ 1800-2800rpm,7.0,551007.5844709126,ridge_regression,ridge_regression,ridge_regression
Maruti SX4 S Cross 2015-2017 DDiS 200 Sigma,2017,650000,44000,Diesel,Dealer,Manual,First Owner,23.65 kmpl,1248 CC,88.5 bhp,200Nm@ 1750rpm,5.0,683053.9558680404,ridge_regression,ridge_regression,ridge_regression
Tata Nexon 1.2 Revotron XM,2018,575000,70000,Petrol,Individual,Manual,First Owner,17.0 kmpl,1198 CC,108.5 bhp,170Nm@ 1750-4000rpm,5.0,592472.6113991702,ridge_regression,ridge_regression,ridge_regression
Hyundai i20 1.4 Asta (AT),2009,360000,60000,Petrol,Individual,Automatic,Second Owner,15.0 kmpl,1396 CC,100 bhp,13.9 kgm at 4200 rpm,5.0,839469.2820581186,ridge_regression,ridge_regression,ridge_regression
Maruti Wagon R LXI DUO BS IV,2013,275000,55000,LPG,Individual,Manual,First Owner,14.4 km/kg,998 CC,61.7 bhp,85Nm@ 3500rpm,5.0,331833.10447741486,ridge_regression,ridge_regression,ridge_regression
Renault Koleos 2.0 Diesel,2013,1000000,75010,Diesel,Dealer,Automatic,First Owner,13.73 kmpl,1995 CC,148 bhp,320Nm@ 2000rpm,5.0,1201049.35710171,ridge_regression,ridge_regression,ridge_regression
Maruti Ertiga ZXI,2015,700000,35000,Petrol,Individual,Manual,First Owner,16.02 kmpl,1373 CC,93.7 bhp,130Nm@ 4000rpm,7.0,613390.3500644926,ridge_regression,ridge_regression,ridge_regression
Honda Jazz VX,2016,550000,56494,Petrol,Trustmark Dealer,Manual,First Owner,18.2 kmpl,1199 CC,88.7 bhp,110Nm@ 4800rpm,5.0,550019.4606758421,ridge_regression,ridge_regression,ridge_regression
Mahindra KUV 100 mFALCON D75 K8,2016,400000,50000,Diesel,Individual,Manual,First Owner,25.32 kmpl,1198 CC,77 bhp,190Nm@ 1750-2250rpm,6.0,402778.328908299,ridge_regression,ridge_regression,ridge_regression
Renault KWID RXT,2016,254999,30000,Petrol,Individual,Manual,Third Owner,25.17 kmpl,799 CC,53.3 bhp,72Nm@ 4386rpm,5.0,256706.68227965094,ridge_regression,ridge_regression,ridge_regression
Toyota Innova 2.5 G (Diesel) 8 Seater,2014,720000,80000,Diesel,Individual,Manual,Second Owner,12.99 kmpl,2494 CC,100.6 bhp,200Nm@ 1400-3400rpm,8.0,923462.6218989185,ridge_regression,ridge_regression,ridge_regression
Maruti Swift Dzire VDI,2014,445000,80000,Diesel,Individual,Manual,Second Owner,23.4 kmpl,1248 CC,74 bhp,190Nm@ 2000rpm,5.0,503223.95627400675,ridge_regression,ridge_regression,ridge_regression
Mahindra Bolero 2011-2019 SLX,2012,450000,120000,Diesel,Individual,Manual,First Owner,15.96 kmpl,2523 CC,62.1 bhp,195Nm@ 1400-2200rpm,7.0,459054.41328475234,ridge_regression,ridge_regression,ridge_regression
Jeep Compass 2.0 Limited,2018,1757000,24000,Diesel,Individual,Manual,First Owner,17.1 kmpl,1956 CC,170 bhp,350Nm@ 1750-2500rpm,5.0,1614415.6779896088,ridge_regression,ridge_regression,ridge_regression
Maruti Swift AMT VVT VXI,2019,650000,5621,Petrol,Trustmark Dealer,Automatic,First Owner,22.0 kmpl,1197 CC,81.80 bhp,113Nm@ 4200rpm,5.0,650073.7397045924,ridge_regression,ridge_regression,ridge_regression
Maruti Swift Dzire VXI,2015,450000,80000,Petrol,Individual,Manual,First Owner,20.85 kmpl,1197 CC,83.14 bhp,115Nm@ 4000rpm,5.0,496568.26817811315,ridge_regression,ridge_regression,ridge_regression
Toyota Fortuner 3.0 Diesel,2010,1200000,100000,Diesel,Individual,Manual,First Owner,11.5 kmpl,2982 CC,171 bhp,343Nm@ 1400-3400rpm,7.0,966218.1662004595,ridge_regression,ridge_regression,ridge_regression
Hyundai Elite i20 Petrol Sportz,2019,667000,7500,Petrol,Individual,Manual,First Owner,18.6 kmpl,1197 CC,81.86 bhp,114.73nm@ 4000rpm,5.0,684492.2534989471,ridge_regression,ridge_regression,ridge_regression
Hyundai Grand i10 Sportz,2017,550000,23456,Petrol,Dealer,Manual,First Owner,18.9 kmpl,1197 CC,82 bhp,114Nm@ 4000rpm,5.0,514032.0139459692,ridge_regression,ridge_regression,ridge_regression
Hyundai i20 Asta 1.4 CRDi,2013,380000,110000,Diesel,Individual,Manual,Second Owner,21.27 kmpl,1396 CC,88.76 bhp,219.6Nm@ 1500-2750rpm,5.0,407187.2912324394,ridge_regression,ridge_regression,ridge_regression
Mahindra Bolero SLX,2007,240000,80000,Diesel,Individual,Manual,Second Owner,13.6 kmpl,2523 CC,63 bhp,180 Nm at 1440-1500rpm,7.0,265600.4936340555,ridge_regression,ridge_regression,ridge_regression
Maruti Ritz VDi,2013,375000,88200,Diesel,Individual,Manual,First Owner,23.2 kmpl,1248 CC,73.94 bhp,190Nm@ 2000rpm,5.0,336843.28304608,ridge_regression,ridge_regression,ridge_regression
Maruti Swift Dzire VDI,2014,434999,70195,Diesel,Dealer,Manual,Second Owner,28.4 kmpl,1248 CC,74.02 bhp,190Nm@ 2000rpm,5.0,542200.1235663584,ridge_regression,ridge_regression,ridge_regression
Maruti Ritz VDi,2013,409999,100000,Diesel,Individual,Manual,Third Owner,23.2 kmpl,1248 CC,73.94 bhp,190Nm@ 2000rpm,5.0,298523.2476819045,ridge_regression,ridge_regression,ridge_regression
Maruti Zen Classic,1998,58000,80000,Petrol,Individual,Manual,Third Owner,17.3 kmpl,993 CC,60 bhp,78Nm@ 4500rpm,5.0,-122436.33522277034,ridge_regression,ridge_regression,ridge_regression
Maruti Wagon R LXI,2004,70000,70000,Petrol,Individual,Manual,Second Owner,18.9 kmpl,998 CC,67.1 bhp,90Nm@ 3500rpm,5.0,12147.828046320763,ridge_regression,ridge_regression,ridge_regression
Mahindra Bolero 2011-2019 SLX,2013,475000,76000,Diesel,Individual,Manual,First Owner,15.96 kmpl,2523 CC,62.1 bhp,195Nm@ 1400-2200rpm,7.0,496738.3829679658,ridge_regression,ridge_regression,ridge_regression
Maruti Vitara Brezza ZDi Plus,2017,800000,52000,Diesel,Individual,Manual,First Owner,24.3 kmpl,1248 CC,88.5 bhp,200Nm@ 1750rpm,5.0,884465.7224042622,ridge_regression,ridge_regression,ridge_regression
Jeep Compass 2.0 Limited Option,2017,1325000,30000,Diesel,Individual,Manual,First Owner,17.1 kmpl,1956 CC,170 bhp,350Nm@ 1750-2500rpm,5.0,1646318.6449328961,ridge_regression,ridge_regression,ridge_regression
Hyundai Grand i10 Magna,2016,420000,30000,Petrol,Individual,Manual,Second Owner,18.9 kmpl,1197 CC,82 bhp,114Nm@ 4000rpm,5.0,413899.1470334483,ridge_regression,ridge_regression,ridge_regression
Maruti Wagon R VXI Optional,2018,380000,19000,Petrol,Individual,Manual,First Owner,20.51 kmpl,998 CC,67.04 bhp,90Nm@ 3500rpm,5.0,454102.059650325,ridge_regression,ridge_regression,ridge_regression
Maruti Ertiga ZDI,2014,650000,90000,Diesel,Individual,Manual,First Owner,20.77 kmpl,1248 CC,88.8 bhp,200Nm@ 1750rpm,7.0,631779.2858065281,ridge_regression,ridge_regression,ridge_regression
Maruti Swift Dzire ZDi,2011,310000,70000,Diesel,Individual,Manual,Second Owner,19.3 kmpl,1248 CC,73.9 bhp,190Nm@ 2000rpm,5.0,333910.1149992521,ridge_regression,ridge_regression,ridge_regression
Maruti Omni E MPI STD BS IV,2018,260000,30000,Petrol,Individual,Manual,First Owner,16.8 kmpl,796 CC,34.2 bhp,59Nm@ 2500rpm,8.0,266408.5133204194,ridge_regression,ridge_regression,ridge_regression
Toyota Innova 2.5 G (Diesel) 8 Seater,2012,869999,225000,Diesel,Individual,Manual,Second Owner,12.99 kmpl,2494 CC,100 bhp,200Nm@ 1400-3400rpm,8.0,836338.0680553174,ridge_regression,ridge_regression,ridge_regression
Maruti Wagon R VXI Plus,2018,465000,30000,Petrol,Individual,Manual,First Owner,20.51 kmpl,998 CC,67.04 bhp,90Nm@ 3500rpm,5.0,469052.76365629793,ridge_regression,ridge_regression,ridge_regression
Maruti SX4 S Cross 2015-2017 DDiS 200 Zeta,2017,800000,70000,Diesel,Individual,Manual,Second Owner,23.65 kmpl,1248 CC,88.5 bhp,200Nm@ 1750rpm,5.0,743802.0506786414,ridge_regression,ridge_regression,ridge_regression
Lexus ES 300h,2019,5150000,20000,Petrol,Dealer,Automatic,First Owner,22.37 kmpl,2487 CC,214.56 bhp,202Nm@ 3600-5200rpm,5.0,5149630.405730356,ridge_regression,ridge_regression,ridge_regression
Maruti Ertiga BSIV VXI,2016,660000,34000,Petrol,Individual,Manual,Second Owner,17.5 kmpl,1373 CC,91.1 bhp,130Nm@ 4000rpm,7.0,649977.1108672185,ridge_regression,ridge_regression,ridge_regression
Renault Duster 110PS Diesel RxZ,2018,1050000,18000,Diesel,Dealer,Manual,First Owner,19.6 kmpl,1461 CC,108.45 bhp,245Nm@ 1750rpm,5.0,992561.1700111926,ridge_regression,ridge_regression,ridge_regression
Honda City 2017-2020 GXi,2008,240000,90000,Petrol,Individual,Manual,Second Owner,17.7 kmpl,1497 CC,78 bhp,"12.7@ 2,700(kgm@ rpm)",5.0,235492.85184831946,ridge_regression,ridge_regression,ridge_regression
Maruti Alto 800 VXI,2017,325000,23000,Petrol,Individual,Manual,First Owner,24.7 kmpl,796 CC,47.3 bhp,69Nm@ 3500rpm,5.0,313233.8190334403,ridge_regression,ridge_regression,ridge_regression
Tata Safari Storme EX,2015,503000,110000,Diesel,Individual,Manual,First Owner,14.1 kmpl,2179 CC,147.94 bhp,320Nm@ 1500-3000rpm,7.0,556583.1961254346,ridge_regression,ridge_regression,ridge_regression
Hyundai i10 Magna,2011,235000,60000,Petrol,Individual,Manual,Second Owner,20.36 kmpl,1197 CC,78.9 bhp,111.7Nm@ 4000rpm,5.0,199166.48385496862,ridge_regression,ridge_regression,ridge_regression
BMW X4 M Sport X xDrive20d,2019,5400000,7500,Diesel,Dealer,Automatic,First Owner,16.78 kmpl,1995 CC,190 bhp,400Nm@ 1750-2500rpm,5.0,5466930.778966866,ridge_regression,ridge_regression,ridge_regression
Hyundai i20 1.4 Sportz,2017,650000,32331,Diesel,Individual,Manual,Second Owner,22.54 kmpl,1396 CC,88.73 bhp,219.7Nm@ 1500-2750rpm,5.0,655782.3926832767,ridge_regression,ridge_regression,ridge_regression
Renault Duster 85PS Diesel RxE,2015,550000,130000,Diesel,Individual,Manual,Second Owner,20.45 kmpl,1461 CC,83.8 bhp,200Nm@ 1900rpm,5.0,511084.0461260966,ridge_regression,ridge_regression,ridge_regression
Hyundai Elite i20 Diesel Sportz,2018,750000,30000,Diesel,Individual,Manual,First Owner,22.54 kmpl,1396 CC,88.76 bhp,219.66nm@ 1500-2750rpm,5.0,674346.9493641075,ridge_regression,ridge_regression,ridge_regression
Volvo S60 D4 SUMMUM,2016,1950000,48000,Diesel,Dealer,Automatic,First Owner,9.0 kmpl,1984 CC,181 bhp,400Nm@ 1750-2500rpm,5.0,2568037.9097689413,ridge_regression,ridge_regression,ridge_regression
Toyota Innova 2.5 VX (Diesel) 7 Seater,2013,750000,79328,Diesel,Trustmark Dealer,Manual,Second Owner,12.99 kmpl,2494 CC,100.6 bhp,200Nm@ 1200-3600rpm,7.0,785940.3906326762,ridge_regression,ridge_regression,ridge_regression
Hyundai i20 Active 1.4 SX with AVN,2017,715000,60000,Diesel,Individual,Manual,First Owner,21.19 kmpl,1396 CC,88.73 bhp,219.66nm@ 1500-2750rpm,5.0,734127.2756598508,ridge_regression,ridge_regression,ridge_regression
Jeep Compass 1.4 Limited Plus BSIV,2019,2100000,5000,Petrol,Individual,Automatic,First Owner,16.0 kmpl,1368 CC,160.77 bhp,250Nm@ 1750-2500rpm,5.0,1442306.0247905995,ridge_regression,ridge_regression,ridge_regression
Maruti Wagon R LXI Minor,2009,126000,52000,Petrol,Individual,Manual,Second Owner,18.9 kmpl,1061 CC,67 bhp,84Nm@ 3500rpm,5.0,157300.8827632474,ridge_regression,ridge_regression,ridge_regression
Ford EcoSport 1.5 Petrol Titanium Plus BSIV,2018,850000,90000,Petrol,Individual,Manual,First Owner,17.0 kmpl,1497 CC,121.36 bhp,150Nm@ 4500rpm,5.0,788521.4949397742,ridge_regression,ridge_regression,ridge_regression
Mahindra Bolero 2011-2019 EX AC,2017,675000,70000,Diesel,Individual,Manual,Second Owner,15.96 kmpl,2523 CC,62.1 bhp,195Nm@ 1400-2200rpm,7.0,763308.6408199528,ridge_regression,ridge_regression,ridge_regression
Hyundai i20 Asta Option 1.4 CRDi,2015,550000,160000,Diesel,Individual,Manual,Second Owner,22.54 kmpl,1396 CC,88.73 bhp,219.7Nm@ 1500-2750rpm,5.0,535477.8588673894,ridge_regression,ridge_regression,ridge_regression
Honda Amaze S Option i-DTEC,2018,560000,50000,Diesel,Individual,Manual,First Owner,25.8 kmpl,1498 CC,98.6 bhp,200Nm@ 1750rpm,5.0,839131.14732168,ridge_regression,ridge_regression,ridge_regression
Hyundai i10 Magna 1.1L,2010,187000,200400,Petrol,Individual,Manual,Second Owner,19.81 kmpl,1086 CC,68.05 bhp,99.04Nm@ 4500rpm,5.0,173109.77642130322,ridge_regression,ridge_regression,ridge_regression
Nissan Sunny XL,2012,350000,110000,Petrol,Individual,Manual,First Owner,16.95 kmpl,1498 CC,97.7 bhp,134Nm@ 4000rpm,5.0,477105.5321974393,ridge_regression,ridge_regression,ridge_regression
Maruti Ritz VDi,2012,300000,70000,Diesel,Individual,Manual,First Owner,23.2 kmpl,1248 CC,73.94 bhp,190Nm@ 2000rpm,5.0,309234.81641456304,ridge_regression,ridge_regression,ridge_regression
Renault KWID RXL,2017,325000,40000,Petrol,Individual,Manual,First Owner,25.17 kmpl,799 CC,53.3 bhp,72Nm@ 4386rpm,5.0,281798.7334729476,ridge_regression,ridge_regression,ridge_regression
Mahindra Scorpio SLE BSIII,2013,550000,80000,Diesel,Individual,Manual,Second Owner,12.05 kmpl,2179 CC,120 bhp,290Nm@ 1800-2800rpm,8.0,508693.6364468093,ridge_regression,ridge_regression,ridge_regression
Tata Tigor 1.2 Revotron XZ,2017,493000,40000,Petrol,Individual,Manual,First Owner,20.3 kmpl,1199 CC,84 bhp,114Nm@ 3500rpm,5.0,431037.80120234715,ridge_regression,ridge_regression,ridge_regression
Volkswagen Polo Diesel Comfortline 1.2L,2013,280000,80000,Diesel,Individual,Manual,Second Owner,22.07 kmpl,1199 CC,73.9 bhp,180Nm@ 2000rpm,5.0,319129.3815023641,ridge_regression,ridge_regression,ridge_regression
Maruti Swift VVT ZXI,2017,625000,25000,Petrol,Individual,Manual,First Owner,22.0 kmpl,1197 CC,81.80 bhp,113Nm@ 4200rpm,5.0,488162.27325406065,ridge_regression,ridge_regression,ridge_regression
Chevrolet Tavera LS B3 10 Seats BSII,2006,225000,100000,Diesel,Individual,Manual,First Owner,14.8 kmpl,2499 CC,80 bhp,"19@ 1,800(kgm@ rpm)",10.0,302742.8828777679,ridge_regression,ridge_regression,ridge_regression
Toyota Innova 2.5 G (Diesel) 7 Seater BS IV,2012,730000,210000,Diesel,Individual,Manual,First Owner,12.99 kmpl,2494 CC,100 bhp,200Nm@ 1400-3400rpm,7.0,474007.8023452892,ridge_regression,ridge_regression,ridge_regression
Mahindra Verito Vibe 1.5 dCi D4,2014,350000,110000,Diesel,Individual,Manual,Second Owner,20.8 kmpl,1461 CC,64.1 bhp,160Nm@ 2000rpm,5.0,264249.82742741355,ridge_regression,ridge_regression,ridge_regression
Ford Figo Diesel EXI,2011,225000,70000,Diesel,Individual,Manual,First Owner,20.0 kmpl,1399 CC,68 bhp,160Nm@ 2000rpm,5.0,231898.65417449153,ridge_regression,ridge_regression,ridge_regression
Maruti Swift Vdi BSIII,2008,260000,100000,Diesel,Individual,Manual,Second Owner,17.8 kmpl,1248 CC,75 bhp,190Nm@ 2000rpm,5.0,238404.319677929,ridge_regression,ridge_regression,ridge_regression
Hyundai Creta 1.4 CRDi Base,2017,950000,45000,Diesel,Individual,Manual,First Owner,21.38 kmpl,1396 CC,88.7 bhp,219.7Nm@ 1500-2750rpm,5.0,959385.3551889668,ridge_regression,ridge_regression,ridge_regression
Tata Indigo CS LS (TDI) BS-III,2014,221000,65000,Diesel,Dealer,Manual,First Owner,19.09 kmpl,1405 CC,69.01 bhp,135Nm@ 2500rpm,5.0,324626.10258887813,ridge_regression,ridge_regression,ridge_regression
Mahindra XUV500 W11 BSIV,2019,1550000,28000,Diesel,Individual,Manual,First Owner,15.1 kmpl,2179 CC,152.87 bhp,360Nm@ 1750-2800rpm,7.0,1187085.4178411416,ridge_regression,ridge_regression,ridge_regression
Volkswagen Vento 1.5 TDI Highline,2014,565000,111000,Diesel,Individual,Manual,First Owner,20.34 kmpl,1498 CC,103.2 bhp,250Nm@ 1500-2500rpm,5.0,521278.7882894036,ridge_regression,ridge_regression,ridge_regression
Tata Indigo CS LS (TDI) BS III,2010,150000,70000,Diesel,Individual,Manual,Second Owner,19.09 kmpl,1396 CC,69 bhp,135Nm@ 2500rpm,5.0,132081.91217199253,ridge_regression,ridge_regression,ridge_regression
Skoda Rapid Ultima 1.6 TDI Elegance,2013,380000,90000,Diesel,Individual,Manual,Second Owner,20.5 kmpl,1598 CC,103.5 bhp,250Nm@ 1500-2500rpm,5.0,306042.4587776076,ridge_regression,ridge_regression,ridge_regression
Chevrolet Optra Magnum 2.0 LT,2012,400000,64000,Diesel,Individual,Manual,First Owner,16.52 kmpl,1991 CC,123.7 bhp,305Nm@ 2000rpm,5.0,587383.6423382326,ridge_regression,ridge_regression,ridge_regression
Maruti Swift Dzire LXI,2018,611000,9000,Petrol,Dealer,Manual,First Owner,19.1 kmpl,1197 CC,85.8 bhp,114Nm@ 4000rpm,5.0,584661.3778876421,ridge_regression,ridge_regression,ridge_regression
Honda City i DTEC SV,2014,500000,110000,Diesel,Individual,Manual,First Owner,26.0 kmpl,1498 CC,98.6 bhp,200Nm@ 1750rpm,5.0,594566.5109346719,ridge_regression,ridge_regression,ridge_regression
Toyota Innova 2.5 VX (Diesel) 7 Seater,2013,750000,79328,Diesel,Trustmark Dealer,Manual,Second Owner,12.99 kmpl,2494 CC,100.6 bhp,200Nm@ 1200-3600rpm,7.0,785940.3906326762,ridge_regression,ridge_regression,ridge_regression
Hyundai EON Sportz,2016,300000,35000,Petrol,Individual,Manual,First Owner,21.1 kmpl,814 CC,55.2 bhp,74.5Nm@ 4000rpm,5.0,313395.81448126247,ridge_regression,ridge_regression,ridge_regression
Maruti Alto LXI,2004,105000,96000,Petrol,Individual,Manual,Third Owner,19.7 kmpl,796 CC,46.3 bhp,62Nm@ 3000rpm,5.0,81364.91156680445,ridge_regression,ridge_regression,ridge_regression
Hyundai EON Era,2013,250000,42130,Petrol,Individual,Manual,First Owner,21.1 kmpl,814 CC,55.2 bhp,74.5Nm@ 4000rpm,5.0,210018.4594772663,ridge_regression,ridge_regression,ridge_regression
Tata Indigo CS LS (TDI) BS-III,2014,300000,45000,Diesel,Individual,Manual,First Owner,19.09 kmpl,1405 CC,69.01 bhp,135Nm@ 2500rpm,5.0,317899.2900012393,ridge_regression,ridge_regression,ridge_regression
Maruti Swift Dzire ZXI,2015,600000,7967,Petrol,Individual,Manual,First Owner,20.85 kmpl,1197 CC,83.14 bhp,115Nm@ 4000rpm,5.0,596476.2270929826,ridge_regression,ridge_regression,ridge_regression
Hyundai Accent Executive,2011,170000,62000,Petrol,Individual,Manual,Third Owner,16.36 kmpl,1495 CC,93.7 bhp,124.6Nm@ 3500rpm,5.0,114358.08546860743,ridge_regression,ridge_regression,ridge_regression
Maruti Wagon R LXI Optional,2016,350000,25000,Petrol,Individual,Manual,First Owner,20.51 kmpl,998 CC,67.04 bhp,90Nm@ 3500rpm,5.0,349488.24643173587,ridge_regression,ridge_regression,ridge_regression
Hyundai EON Sportz,2018,380000,25000,Petrol,Individual,Manual,First Owner,21.1 kmpl,814 CC,55.2 bhp,74.5Nm@ 4000rpm,5.0,376128.8786381665,ridge_regression,ridge_regression,ridge_regression
Maruti Swift VDI Optional,2015,405000,100000,Diesel,Individual,Manual,First Owner,25.2 kmpl,1248 CC,74 bhp,190Nm@ 2000rpm,5.0,568653.7751781461,ridge_regression,ridge_regression,ridge_regression
Renault KWID RXT,2018,335000,30000,Petrol,Individual,Manual,First Owner,25.17 kmpl,799 CC,53.3 bhp,72Nm@ 4386rpm,5.0,354228.49616524833,ridge_regression,ridge_regression,ridge_regression
Tata Harrier XZ,2019,1650000,15000,Diesel,Dealer,Manual,First Owner,17.0 kmpl,1956 CC,167.67 bhp,350Nm@ 1750-2500rpm,5.0,1461131.6841988578,ridge_regression,ridge_regression,ridge_regression
Honda City i DTEC VX,2014,819999,200000,Diesel,Individual,Manual,First Owner,25.1 kmpl,1498 CC,98.6 bhp,200Nm@ 1750rpm,5.0,625465.86966473,ridge_regression,ridge_regression,ridge_regression
Mahindra XUV500 W10 1.99 mHawk,2018,1400000,30000,Diesel,Individual,Manual,First Owner,16.0 kmpl,1997 CC,140 bhp,320Nm@ 1600-2800rpm,7.0,1229272.9055579922,ridge_regression,ridge_regression,ridge_regression
Maruti Wagon R AMT VXI,2015,400000,20000,Petrol,Individual,Automatic,First Owner,20.51 kmpl,998 CC,67 bhp,90Nm@ 3500rpm,5.0,359328.9071203682,ridge_regression,ridge_regression,ridge_regression
BMW 5 Series 520d,2008,1100000,122000,Diesel,Individual,Automatic,Second Owner,18.48 kmpl,1995 CC,177 bhp,"35.7@ 1,750-3,000(kgm@ rpm)",5.0,1326432.4150008315,ridge_regression,ridge_regression,ridge_regression
Skoda Rapid 1.6 MPI AT Style Plus,2016,675000,28182,Petrol,Trustmark Dealer,Automatic,First Owner,14.3 kmpl,1598 CC,103.52 bhp,153Nm@ 3800rpm,5.0,822766.318656145,ridge_regression,ridge_regression,ridge_regression
Tata Nano Twist XT,2015,165000,25000,Petrol,Individual,Manual,First Owner,25.4 kmpl,624 CC,37.5 bhp,51Nm@ 4000+/-500rpm,4.0,237412.71659145434,ridge_regression,ridge_regression,ridge_regression
Hyundai EON Era Plus,2015,250000,80000,Petrol,Individual,Manual,First Owner,21.1 kmpl,814 CC,55.2 bhp,74.5Nm@ 4000rpm,5.0,264696.25939493196,ridge_regression,ridge_regression,ridge_regression
Ford EcoSport 1.5 Diesel Titanium Plus BSIV,2018,950000,30000,Diesel,Individual,Manual,First Owner,23.0 kmpl,1498 CC,98.96 bhp,205Nm@ 1750-3250rpm,5.0,922839.0668228661,ridge_regression,ridge_regression,ridge_regression
Maruti Zen Estilo LXI BS IV,2010,100000,180000,Petrol,Individual,Manual,Second Owner,19.0 kmpl,998 CC,67.1 bhp,90Nm@ 3500rpm,5.0,150080.88114209526,ridge_regression,ridge_regression,ridge_regression
Ford Figo Diesel EXI Option,2012,195000,163720,Diesel,Dealer,Manual,First Owner,18.5 kmpl,1399 CC,68 bhp,160Nm@ 2000rpm,5.0,233382.83081840526,ridge_regression,ridge_regression,ridge_regression
Tata Indica Vista Quadrajet LS,2015,250000,155000,Diesel,Individual,Manual,Second Owner,22.3 kmpl,1248 CC,74 bhp,190Nm@ 1750-3000rpm,5.0,228054.92265459214,ridge_regression,ridge_regression,ridge_regression
Hyundai Verna Transform SX VGT CRDi,2010,220000,80000,Diesel,Individual,Manual,Second Owner,16.2 kmpl,1493 CC,110 bhp,24 KGM at 1900-2750 RPM,5.0,383265.4114548242,ridge_regression,ridge_regression,ridge_regression
Ford Figo 1.5D Trend MT,2016,377000,80000,Diesel,Individual,Manual,First Owner,25.83 kmpl,1498 CC,99 bhp,215Nm@ 1750-3000rpm,5.0,483408.2900418005,ridge_regression,ridge_regression,ridge_regression
Tata Nexon 1.5 Revotorq XZA Plus DualTone,2018,950000,40000,Diesel,Individual,Automatic,First Owner,21.5 kmpl,1497 CC,108.5 bhp,260Nm@ 1500-2750rpm,5.0,1316397.4222388896,ridge_regression,ridge_regression,ridge_regression
BMW 5 Series 520d Sport Line,2018,4000000,10000,Diesel,Dealer,Automatic,First Owner,22.48 kmpl,1995 CC,187.74 bhp,400Nm@ 1750-2500rpm,5.0,3027317.136216413,ridge_regression,ridge_regression,ridge_regression
Maruti Wagon R AMT VXI,2018,420000,35000,Petrol,Individual,Automatic,First Owner,20.51 kmpl,998 CC,67 bhp,90Nm@ 3500rpm,5.0,448568.93596744636,ridge_regression,ridge_regression,ridge_regression
Honda Amaze V CVT Petrol BSIV,2019,779000,7032,Petrol,Trustmark Dealer,Automatic,First Owner,19.0 kmpl,1199 CC,88.76 bhp,110Nm@ 4800rpm,5.0,779146.4876214578,ridge_regression,ridge_regression,ridge_regression
Hyundai Verna VTVT 1.6 SX,2017,950000,20000,Petrol,Individual,Manual,First Owner,17.0 kmpl,1591 CC,121.3 bhp,151Nm@ 4850rpm,5.0,884418.3701346276,ridge_regression,ridge_regression,ridge_regression
Mahindra Bolero 2011-2019 SLE,2011,370000,91863,Diesel,Individual,Manual,Second Owner,15.96 kmpl,2523 CC,62.1 bhp,195Nm@ 1400-2200rpm,7.0,371351.52863891434,ridge_regression,ridge_regression,ridge_regression
Hyundai EON Magna Plus,2014,280000,60000,Petrol,Individual,Manual,Second Owner,21.1 kmpl,814 CC,55.2 bhp,74.5Nm@ 4000rpm,5.0,211245.5566346387,ridge_regression,ridge_regression,ridge_regression
Maruti 800 AC,2009,125000,80000,Petrol,Individual,Manual,First Owner,16.1 kmpl,796 CC,37 bhp,59Nm@ 2500rpm,4.0,250816.88160983723,ridge_regression,ridge_regression,ridge_regression
Toyota Etios VX,2017,625000,25538,Petrol,Trustmark Dealer,Manual,First Owner,16.78 kmpl,1496 CC,88.73 bhp,132Nm@ 3000rpm,5.0,607703.1252424786,ridge_regression,ridge_regression,ridge_regression
Maruti SX4 S Cross 2015-2017 DDiS 200 Sigma,2016,675000,108000,Diesel,Dealer,Manual,First Owner,23.65 kmpl,1248 CC,88.5 bhp,200Nm@ 1750rpm,5.0,642130.2745926417,ridge_regression,ridge_regression,ridge_regression
Mahindra TUV 300 T4 Plus,2018,775000,59736,Diesel,Dealer,Manual,First Owner,18.49 kmpl,1493 CC,100 bhp,240Nm@ 1600-2800rpm,7.0,704142.282026731,ridge_regression,ridge_regression,ridge_regression
Honda Jazz V CVT,2018,860000,40000,Petrol,Individual,Automatic,First Owner,18.2 kmpl,1199 CC,88.7 bhp,110Nm@ 4800rpm,5.0,750273.6023364638,ridge_regression,ridge_regression,ridge_regression
Ford Aspire Titanium Diesel BSIV,2016,600000,155201,Diesel,Dealer,Manual,First Owner,26.1 kmpl,1498 CC,99.23 bhp,215Nm@ 1750-3000rpm,5.0,681440.0409035824,ridge_regression,ridge_regression,ridge_regression
Hyundai Elite i20 Magna Plus BSIV,2019,630000,5000,Petrol,Individual,Manual,First Owner,18.6 kmpl,1197 CC,81.86 bhp,117nm@ 4000rpm,5.0,621609.4167534616,ridge_regression,ridge_regression,ridge_regression
Maruti Alto K10 VXI,2016,320000,50000,Petrol,Individual,Manual,First Owner,23.95 kmpl,998 CC,67.05 bhp,90Nm@ 3500rpm,5.0,303620.11190320586,ridge_regression,ridge_regression,ridge_regression
Maruti Swift VVT VXI,2012,511000,8500,Petrol,Dealer,Manual,First Owner,22.0 kmpl,1197 CC,81.80 bhp,113Nm@ 4200rpm,5.0,371160.6872875721,ridge_regression,ridge_regression,ridge_regression
Maruti Alto 800 LXI,2018,310000,30000,Petrol,Individual,Manual,First Owner,24.7 kmpl,796 CC,47.3 bhp,69Nm@ 3500rpm,5.0,357558.6582823336,ridge_regression,ridge_regression,ridge_regression
Honda Amaze S i-Dtech,2015,455000,90000,Diesel,Individual,Manual,Second Owner,25.8 kmpl,1498 CC,98.6 bhp,200Nm@ 1750rpm,5.0,434234.9625664702,ridge_regression,ridge_regression,ridge_regression
Maruti Ciaz ZDi Plus,2015,630000,70000,Diesel,Individual,Manual,First Owner,26.21 kmpl,1248 CC,88.5 bhp,200Nm@ 1750rpm,5.0,634964.2843301051,ridge_regression,ridge_regression,ridge_regression
Lexus ES 300h,2019,5150000,20000,Petrol,Dealer,Automatic,First Owner,22.37 kmpl,2487 CC,214.56 bhp,202Nm@ 3600-5200rpm,5.0,5149630.405730356,ridge_regression,ridge_regression,ridge_regression
Mahindra TUV 300 T8,2015,634000,165000,Diesel,Individual,Manual,First Owner,18.49 kmpl,1493 CC,100 bhp,240Nm@ 1600-2800rpm,7.0,616640.9995037501,ridge_regression,ridge_regression,ridge_regression
Hyundai Grand i10 1.2 Kappa Magna AT,2019,567000,7000,Petrol,Individual,Automatic,First Owner,18.9 kmpl,1197 CC,81.86 bhp,113.75nm@ 4000rpm,5.0,602903.6195869406,ridge_regression,ridge_regression,ridge_regression
Maruti Ritz VDi,2013,300000,120000,Diesel,Individual,Manual,Second Owner,23.2 kmpl,1248 CC,73.94 bhp,190Nm@ 2000rpm,5.0,304144.80258157355,ridge_regression,ridge_regression,ridge_regression
Tata Tiago 1.2 Revotron XZ,2017,520000,20000,Petrol,Individual,Manual,First Owner,23.84 kmpl,1199 CC,84 bhp,114Nm@ 3500rpm,5.0,421887.1309356028,ridge_regression,ridge_regression,ridge_regression
Toyota Innova 2.5 VX (Diesel) 7 Seater,2015,1100000,137000,Diesel,Individual,Manual,First Owner,12.99 kmpl,2494 CC,100.6 bhp,200Nm@ 1400-3400rpm,7.0,997757.0478888166,ridge_regression,ridge_regression,ridge_regression
Hyundai i20 1.4 CRDi Asta,2012,500000,53000,Diesel,Individual,Manual,Second Owner,23.0 kmpl,1396 CC,90 bhp,22.4 kgm at 1750-2750rpm,5.0,373590.3377073086,ridge_regression,ridge_regression,ridge_regression
Honda City i-VTEC V,2011,325000,40000,Petrol,Dealer,Manual,First Owner,17.4 kmpl,1497 CC,117.6 bhp,145Nm@ 4600rpm,5.0,740254.878385532,ridge_regression,ridge_regression,ridge_regression
Hyundai i10 Magna 1.2 iTech SE,2011,200000,60000,Petrol,Individual,Manual,Second Owner,20.36 kmpl,1197 CC,78.9 bhp,111.7Nm@ 4000rpm,5.0,215466.56782598206,ridge_regression,ridge_regression,ridge_regression
Hyundai Grand i10 1.2 Kappa Magna BSIV,2017,450000,20000,Petrol,Individual,Manual,First Owner,18.9 kmpl,1197 CC,81.86 bhp,113.75nm@ 4000rpm,5.0,473827.2371534332,ridge_regression,ridge_regression,ridge_regression
Maruti Ertiga VDI,2012,560000,200000,Diesel,Individual,Manual,Second Owner,20.77 kmpl,1248 CC,88.76 bhp,200Nm@ 1750rpm,7.0,490773.88749878434,ridge_regression,ridge_regression,ridge_regression
Maruti Swift Dzire LDIX Limited Edition,2014,380000,70000,Diesel,Individual,Manual,Second Owner,23.4 kmpl,1248 CC,74 bhp,190Nm@ 2000rpm,5.0,498387.74498684634,ridge_regression,ridge_regression,ridge_regression
Tata Safari Storme EX,2015,503000,110000,Diesel,Individual,Manual,First Owner,14.1 kmpl,2179 CC,147.94 bhp,320Nm@ 1500-3000rpm,7.0,556583.1961254346,ridge_regression,ridge_regression,ridge_regression
Maruti Alto LX,2000,108000,206000,Petrol,Individual,Manual,Fourth & Above Owner,19.7 kmpl,796 CC,46.3 bhp,62Nm@ 3000rpm,5.0,-127981.972297534,ridge_regression,ridge_regression,ridge_regression
Maruti Swift Dzire ZDI,2015,590000,50000,Diesel,Individual,Manual,First Owner,26.59 kmpl,1248 CC,74 bhp,190Nm@ 2000rpm,5.0,605455.3364491952,ridge_regression,ridge_regression,ridge_regression
Tata Indigo CR4,2011,200000,84321,Diesel,Individual,Manual,First Owner,23.57 kmpl,1396 CC,70 bhp,140Nm@ 1800-3000rpm,5.0,209585.806935812,ridge_regression,ridge_regression,ridge_regression
Honda City 2017-2020 GXi,2008,280000,75000,Petrol,Individual,Manual,First Owner,17.7 kmpl,1497 CC,78 bhp,"12.7@ 2,700(kgm@ rpm)",5.0,265469.97457539017,ridge_regression,ridge_regression,ridge_regression
Tata New Safari DICOR 2.2 VX 4x2,2010,300000,108957,Diesel,Individual,Manual,First Owner,13.93 kmpl,2179 CC,138 bhp,320Nm@ 1700-2700rpm,7.0,434043.762368403,ridge_regression,ridge_regression,ridge_regression
Jeep Compass 1.4 Sport,2019,1520000,10000,Petrol,Individual,Manual,First Owner,16.0 kmpl,1368 CC,160 bhp,250Nm@ 1750-2500rpm,5.0,976975.3060719917,ridge_regression,ridge_regression,ridge_regression
Hyundai i10 Sportz 1.1L,2010,200000,70000,Petrol,Individual,Manual,Second Owner,19.81 kmpl,1086 CC,68.05 bhp,99.04Nm@ 4500rpm,5.0,171600.95159683836,ridge_regression,ridge_regression,ridge_regression
Hyundai i20 1.4 CRDi Asta,2010,215000,120000,Diesel,Individual,Manual,Third Owner,23.0 kmpl,1396 CC,90 bhp,22.4 kgm at 1750-2750rpm,5.0,292762.8290208221,ridge_regression,ridge_regression,ridge_regression
Skoda Rapid 1.6 MPI AT Elegance,2016,645000,11000,Petrol,Dealer,Automatic,First Owner,14.3 kmpl,1598 CC,103.5 bhp,153Nm@ 3800rpm,5.0,631285.067676149,ridge_regression,ridge_regression,ridge_regression
Hyundai Creta 1.6 SX Option Executive,2018,1405000,15000,Petrol,Individual,Manual,First Owner,15.8 kmpl,1591 CC,121.3 bhp,151Nm@ 4850rpm,5.0,1404952.5164233765,ridge_regression,ridge_regression,ridge_regression
Toyota Fortuner 4x2 4 Speed AT,2012,1225000,160000,Diesel,Individual,Automatic,First Owner,11.5 kmpl,2982 CC,169 bhp,343Nm@ 1400-3400rpm,7.0,1689163.9039290457,ridge_regression,ridge_regression,ridge_regression
Ford EcoSport 1.5 Diesel Titanium BSIV,2018,950000,80000,Diesel,Individual,Manual,First Owner,23.0 kmpl,1498 CC,98.96 bhp,205Nm@ 1750-3250rpm,5.0,888175.1502110695,ridge_regression,ridge_regression,ridge_regression
Hyundai i20 Asta 1.4 CRDi,2015,550000,40000,Diesel,Individual,Manual,First Owner,22.54 kmpl,1396 CC,88.73 bhp,219.7Nm@ 1500-2750rpm,5.0,625726.631260931,ridge_regression,ridge_regression,ridge_regression
Ford Figo Diesel ZXI,2014,320000,120000,Diesel,Individual,Manual,Third Owner,20.0 kmpl,1399 CC,68.05 bhp,160Nm@ 2000rpm,5.0,296249.78646528587,ridge_regression,ridge_regression,ridge_regression
Maruti Alto K10 VXI,2015,300000,24000,Petrol,Individual,Manual,First Owner,23.95 kmpl,998 CC,67.05 bhp,90Nm@ 3500rpm,5.0,277275.1327926412,ridge_regression,ridge_regression,ridge_regression
Hyundai Grand i10 1.2 Kappa Sportz Option,2018,528000,5000,Petrol,Individual,Manual,First Owner,18.9 kmpl,1197 CC,81.86 bhp,113.75nm@ 4000rpm,5.0,528282.1189368555,ridge_regression,ridge_regression,ridge_regression
Maruti Alto K10 2010-2014 VXI,2010,160000,100000,Petrol,Individual,Manual,Third Owner,20.92 kmpl,998 CC,67.1 bhp,90Nm@ 3500rpm,5.0,125561.93557901628,ridge_regression,ridge_regression,ridge_regression
Volvo XC40 D4 Inscription BSIV,2019,3800000,20000,Diesel,Individual,Automatic,First Owner,18.0 kmpl,1969 CC,190 bhp,400Nm,5.0,3799916.5721690734,ridge_regression,ridge_regression,ridge_regression
Hyundai i20 2015-2017 Asta Option 1.4 CRDi,2016,780000,35000,Diesel,Individual,Manual,First Owner,22.54 kmpl,1396 CC,88.73 bhp,219.7Nm@ 1500-2750rpm,5.0,743283.9397519561,ridge_regression,ridge_regression,ridge_regression
Maruti Swift Vdi BSIII,2009,300000,150000,Diesel,Individual,Manual,First Owner,17.8 kmpl,1248 CC,75 bhp,190Nm@ 2000rpm,5.0,288408.9839108034,ridge_regression,ridge_regression,ridge_regression
Fiat Grande Punto 1.3 Emotion (Diesel),2011,254999,100000,Diesel,Individual,Manual,Third Owner,20.3 kmpl,1248 CC,75 bhp,197Nm@ 1750rpm,5.0,210901.83237471868,ridge_regression,ridge_regression,ridge_regression
Tata Indigo CS LX (TDI) BS III,2013,250000,120000,Diesel,Individual,Manual,First Owner,19.09 kmpl,1396 CC,69 bhp,135Nm@ 2500rpm,5.0,252059.9895720061,ridge_regression,ridge_regression,ridge_regression
Maruti Zen Estilo VXI BSIV,2010,160000,200000,Petrol,Individual,Manual,First Owner,19.0 kmpl,998 CC,67.1 bhp,90Nm@ 3500rpm,5.0,149690.6230515212,ridge_regression,ridge_regression,ridge_regression
Maruti Alto LXi,2011,175000,50000,Petrol,Individual,Manual,First Owner,19.7 kmpl,796 CC,46.3 bhp,62Nm@ 3000rpm,5.0,231876.85772197304,ridge_regression,ridge_regression,ridge_regression
Hyundai i20 Magna,2009,229999,60000,Petrol,Individual,Manual,Third Owner,18.5 kmpl,1197 CC,80 bhp,"11.4 kgm at 4,000 rpm",5.0,185580.1170000655,ridge_regression,ridge_regression,ridge_regression
Maruti Swift Dzire VDi,2011,350000,137500,Diesel,Individual,Manual,Third Owner,19.3 kmpl,1248 CC,73.9 bhp,190Nm@ 2000rpm,5.0,300264.7099140812,ridge_regression,ridge_regression,ridge_regression
Skoda Rapid 1.6 MPI AT Elegance,2016,645000,11000,Petrol,Dealer,Automatic,First Owner,14.3 kmpl,1598 CC,103.5 bhp,153Nm@ 3800rpm,5.0,631285.067676149,ridge_regression,ridge_regression,ridge_regression
Maruti Ertiga VDI,2012,550000,110000,Diesel,Individual,Manual,Second Owner,20.77 kmpl,1248 CC,88.76 bhp,200Nm@ 1750rpm,7.0,505352.58966361824,ridge_regression,ridge_regression,ridge_regression
Maruti Omni MPI CARGO BSIV,2017,200000,50000,Petrol,Individual,Manual,First Owner,16.8 kmpl,796 CC,34.2 bhp,59Nm@ 2500rpm,5.0,372503.8115257757,ridge_regression,ridge_regression,ridge_regression
Maruti Swift VXI,2012,369000,56246,Petrol,Dealer,Manual,First Owner,18.6 kmpl,1197 CC,85.8 bhp,114Nm@ 4000rpm,5.0,399654.9705278161,ridge_regression,ridge_regression,ridge_regression
Maruti Swift VDI Optional,2016,550000,50000,Diesel,Individual,Manual,First Owner,25.2 kmpl,1248 CC,74 bhp,190Nm@ 2000rpm,5.0,607309.658339015,ridge_regression,ridge_regression,ridge_regression
Hyundai Elite i20 Asta Option CVT BSIV,2018,800000,25000,Petrol,Individual,Automatic,First Owner,17.4 kmpl,1197 CC,81.86 bhp,117nm@ 4000rpm,5.0,800580.4099826552,ridge_regression,ridge_regression,ridge_regression
Datsun RediGO SV 1.0,2019,325000,1300,Petrol,Individual,Manual,First Owner,22.5 kmpl,999 CC,67 bhp,91Nm@ 4250rpm,5.0,432850.5564658281,ridge_regression,ridge_regression,ridge_regression
Ford Endeavour 3.0L 4X2 AT,2012,500000,110000,Diesel,Individual,Automatic,First Owner,11.4 kmpl,2953 CC,153.86 bhp,380Nm@ 2500rpm,7.0,1264978.0606842192,ridge_regression,ridge_regression,ridge_regression
Mitsubishi Pajero Sport 4X4,2015,1700000,39000,Diesel,Individual,Manual,First Owner,13.5 kmpl,2477 CC,175.56 bhp,400Nm@ 2000-2500rpm,7.0,1294363.0404087752,ridge_regression,ridge_regression,ridge_regression
Hyundai Xcent 1.1 CRDi Base,2014,455000,42312,Diesel,Dealer,Manual,First Owner,24.4 kmpl,1120 CC,71 bhp,180.4Nm@ 1750-2500rpm,5.0,347007.4190102185,ridge_regression,ridge_regression,ridge_regression
Maruti Celerio VXI MT BSIV,2018,385000,50000,Petrol,Individual,Manual,First Owner,23.1 kmpl,998 CC,67.04 bhp,90Nm@ 3500rpm,5.0,479973.75272156764,ridge_regression,ridge_regression,ridge_regression
Tata Safari DICOR 2.2 EX 4x2,2012,325000,120000,Diesel,Individual,Manual,First Owner,13.93 kmpl,2179 CC,138.03 bhp,320Nm@ 1700-2700rpm,7.0,389961.1424497047,ridge_regression,ridge_regression,ridge_regression
Fiat Linea Emotion,2010,150000,100000,Petrol,Individual,Manual,Second Owner,16.0 kmpl,1368 CC,90 bhp,115Nm@ 4500rpm,5.0,115298.84447543533,ridge_regression,ridge_regression,ridge_regression
Maruti Swift Dzire VXi,2009,240000,120000,Petrol,Individual,Manual,First Owner,17.5 kmpl,1298 CC,85.8 bhp,114Nm@ 4000rpm,5.0,222371.6541320826,ridge_regression,ridge_regression,ridge_regression
Honda Amaze V Petrol BSIV,2018,600000,20000,Petrol,Individual,Manual,First Owner,19.5 kmpl,1199 CC,88.76 bhp,110Nm@ 4800rpm,5.0,589574.2374374211,ridge_regression,ridge_regression,ridge_regression
Skoda Rapid 1.6 MPI AT Elegance,2016,645000,11000,Petrol,Dealer,Automatic,First Owner,14.3 kmpl,1598 CC,103.5 bhp,153Nm@ 3800rpm,5.0,631285.067676149,ridge_regression,ridge_regression,ridge_regression
Jaguar XE 2016-2019 2.0L Diesel Prestige,2017,2711000,9000,Diesel,Dealer,Automatic,First Owner,13.6 kmpl,1999 CC,177 bhp,430Nm@ 1750-2500rpm,5.0,2673561.325243295,ridge_regression,ridge_regression,ridge_regression
Maruti Eeco Smiles 5 Seater AC,2013,260000,120000,Petrol,Individual,Manual,Second Owner,15.1 kmpl,1196 CC,73 bhp,101Nm@ 3000rpm,5.0,288883.0602809413,ridge_regression,ridge_regression,ridge_regression
Tata Indica Vista Quadrajet VX,2012,200000,90000,Diesel,Individual,Manual,First Owner,22.3 kmpl,1248 CC,74 bhp,190Nm@ 1750-3000rpm,5.0,193451.0833937659,ridge_regression,ridge_regression,ridge_regression
Volkswagen Polo Diesel Highline 1.2L,2013,350000,80000,Diesel,Individual,Manual,First Owner,22.07 kmpl,1199 CC,73.9 bhp,180Nm@ 2000rpm,5.0,393615.5802449352,ridge_regression,ridge_regression,ridge_regression
Maruti Wagon R VXI BS IV,2011,376000,60000,Petrol,Individual,Manual,First Owner,18.9 kmpl,998 CC,67.1 bhp,90Nm@ 3500rpm,5.0,233073.85363457078,ridge_regression,ridge_regression,ridge_regression
Toyota Innova 2.5 GX (Diesel) 8 Seater,2013,800000,160000,Diesel,Individual,Manual,Second Owner,12.99 kmpl,2494 CC,100.6 bhp,200Nm@ 1200-3600rpm,8.0,622701.1672995107,ridge_regression,ridge_regression,ridge_regression
Datsun GO T BSIV,2014,225000,33000,Petrol,Individual,Manual,First Owner,20.63 kmpl,1198 CC,67 bhp,104Nm@ 4000rpm,5.0,251566.91196093813,ridge_regression,ridge_regression,ridge_regression
Maruti SX4 ZXI AT,2011,220000,65000,Petrol,Individual,Automatic,Third Owner,12.6 kmpl,1586 CC,103.3 bhp,145Nm@ 4100rpm,5.0,256359.30874043127,ridge_regression,ridge_regression,ridge_regression
Ford Fiesta 1.5 TDCi Trend,2015,501000,80000,Diesel,Individual,Manual,Second Owner,25.01 kmpl,1498 CC,89.75 bhp,204Nm@ 2000-2750rpm,5.0,644741.5870945537,ridge_regression,ridge_regression,ridge_regression
Hyundai Grand i10 1.2 CRDi Sportz,2017,450000,56290,Diesel,Dealer,Manual,First Owner,24.0 kmpl,1186 CC,73.97 bhp,190.24nm@ 1750-2250rpm,5.0,465812.3675452964,ridge_regression,ridge_regression,ridge_regression
Ford Figo 1.5P Titanium AT,2016,550000,40000,Petrol,Individual,Automatic,First Owner,17.01 kmpl,1499 CC,110.4 bhp,136Nm@ 4250rpm,5.0,446561.63984451944,ridge_regression,ridge_regression,ridge_regression
Maruti Alto LX,2004,90000,60000,Petrol,Individual,Manual,First Owner,19.7 kmpl,796 CC,46.3 bhp,62Nm@ 3000rpm,5.0,45554.31864152872,ridge_regression,ridge_regression,ridge_regression
Mahindra Scorpio S10 7 Seater,2015,1050000,90000,Diesel,Individual,Manual,First Owner,15.4 kmpl,2179 CC,120 bhp,280Nm@ 1800-2800rpm,7.0,1041584.8769760386,ridge_regression,ridge_regression,ridge_regression
Honda City 2017-2020 GXi,2006,270000,70000,Petrol,Individual,Manual,Second Owner,17.7 kmpl,1497 CC,78 bhp,"12.7@ 2,700(kgm@ rpm)",5.0,177619.3550796933,ridge_regression,ridge_regression,ridge_regression
Chevrolet Sail 1.2 LS,2015,220000,80000,Petrol,Individual,Manual,First Owner,18.2 kmpl,1199 CC,82.4 bhp,108.5Nm@ 5000rpm,5.0,437463.25580755784,ridge_regression,ridge_regression,ridge_regression
Maruti Swift Dzire LXI,2017,480000,55000,Petrol,Individual,Manual,First Owner,20.85 kmpl,1197 CC,83.14 bhp,115Nm@ 4000rpm,5.0,545380.7361865104,ridge_regression,ridge_regression,ridge_regression
Tata Indigo CS eGLS BS IV,2017,362000,104000,Petrol,Individual,Manual,First Owner,15.64 kmpl,1193 CC,64.1 bhp,100Nm@ 2700rpm,5.0,458332.7168137367,ridge_regression,ridge_regression,ridge_regression
Honda Jazz 1.5 S i DTEC,2017,670000,50000,Diesel,Individual,Manual,First Owner,27.3 kmpl,1498 CC,98.6 bhp,200Nm@ 1750rpm,5.0,816775.7211282173,ridge_regression,ridge_regression,ridge_regression
Tata Sumo MKII Turbo 2.0 LX,2010,150000,225000,Diesel,Individual,Manual,Third Owner,14.0 kmpl,1948 CC,90 bhp,190Nm@ 2000-3000,9.0,176685.33202295614,ridge_regression,ridge_regression,ridge_regression
Skoda Rapid 1.5 TDI AT Style BSIV,2017,850000,35000,Diesel,Individual,Automatic,Second Owner,21.72 kmpl,1498 CC,108.6 bhp,250Nm@ 1500-2500rpm,5.0,1015750.4103778459,ridge_regression,ridge_regression,ridge_regression
Fiat Grande Punto 1.4 Emotion,2009,150000,55000,Petrol,Individual,Manual,First Owner,14.6 kmpl,1368 CC,88.7 bhp,115Nm@ 4500rpm,5.0,149894.17012288427,ridge_regression,ridge_regression,ridge_regression
Mahindra Scorpio VLX 2WD AIRBAG SE BSIV,2012,540000,90000,Diesel,Individual,Manual,Third Owner,12.05 kmpl,2179 CC,120 bhp,290Nm@ 1800-2800rpm,8.0,545097.4766620867,ridge_regression,ridge_regression,ridge_regression
Hyundai Verna 1.6 SX,2011,450000,96000,Diesel,Individual,Manual,Fourth & Above Owner,22.32 kmpl,1582 CC,126.32 bhp,259.8Nm@ 1900-2750rpm,5.0,435086.4528640029,ridge_regression,ridge_regression,ridge_regression
Tata Indica Vista Quadrajet 90 VX,2013,325000,100000,Diesel,Individual,Manual,First Owner,22.3 kmpl,1248 CC,88.8 bhp,200Nm@ 1750-3000rpm,5.0,456548.2507600616,ridge_regression,ridge_regression,ridge_regression
Maruti Ciaz Alpha Diesel,2019,1025000,32000,Diesel,Individual,Manual,First Owner,28.09 kmpl,1248 CC,88.50 bhp,200Nm@ 1750rpm,5.0,996390.8873925935,ridge_regression,ridge_regression,ridge_regression
Hyundai Xcent 1.2 Kappa S,2014,355000,121000,Petrol,Dealer,Manual,First Owner,19.1 kmpl,1197 CC,82 bhp,114Nm@ 4000rpm,5.0,350085.0264444071,ridge_regression,ridge_regression,ridge_regression
Maruti Ignis 1.3 AMT Zeta,2017,625000,37000,Diesel,Individual,Automatic,First Owner,26.8 kmpl,1248 CC,74 bhp,190Nm@ 2000rpm,5.0,625086.1052845491,ridge_regression,ridge_regression,ridge_regression
Maruti Wagon R LXI Minor,2009,135000,50000,Petrol,Individual,Manual,Second Owner,18.9 kmpl,1061 CC,67 bhp,84Nm@ 3500rpm,5.0,157624.853922466,ridge_regression,ridge_regression,ridge_regression
Hyundai Grand i10 Magna,2016,400000,80000,Petrol,Individual,Manual,First Owner,18.9 kmpl,1197 CC,82 bhp,114Nm@ 4000rpm,5.0,433347.2070859167,ridge_regression,ridge_regression,ridge_regression
Mahindra KUV 100 G80 K2,2018,340000,51492,Petrol,Individual,Manual,First Owner,18.15 kmpl,1198 CC,82 bhp,115Nm@ 3500-3600rpm,6.0,394100.1224789334,ridge_regression,ridge_regression,ridge_regression
Maruti Swift VXI 2018,2018,509999,70000,Petrol,Individual,Manual,Second Owner,22.0 kmpl,1197 CC,81.80 bhp,113Nm@ 4200rpm,5.0,511973.4046714172,ridge_regression,ridge_regression,ridge_regression
Hyundai Grand i10 Nios Sportz,2020,775000,2000,Petrol,Dealer,Manual,First Owner,20.7 kmpl,1197 CC,81.86 bhp,113.75Nm@ 4000rpm,5.0,596025.7328654293,ridge_regression,ridge_regression,ridge_regression
Hyundai i20 1.2 Asta Option,2018,801000,20000,Petrol,Individual,Manual,First Owner,18.6 kmpl,1197 CC,81.83 bhp,114.7Nm@ 4000rpm,5.0,709391.7340631387,ridge_regression,ridge_regression,ridge_regression
Maruti Ertiga VDI,2012,550000,67000,Diesel,Individual,Manual,First Owner,20.77 kmpl,1248 CC,88.76 bhp,200Nm@ 1750rpm,7.0,539865.3086197486,ridge_regression,ridge_regression,ridge_regression
Hyundai Verna 1.6 SX,2012,395000,120000,Diesel,Individual,Manual,First Owner,22.32 kmpl,1582 CC,126.32 bhp,259.8Nm@ 1900-2750rpm,5.0,489415.38272827317,ridge_regression,ridge_regression,ridge_regression
Mahindra Bolero SLE,2010,260000,380000,Diesel,Individual,Manual,Second Owner,13.6 kmpl,2523 CC,63 bhp,180 Nm at 1440-1500rpm,7.0,269223.4576654744,ridge_regression,ridge_regression,ridge_regression
Renault Duster 110PS Diesel RxL,2015,600000,136000,Diesel,Individual,Manual,First Owner,19.01 kmpl,1461 CC,108.45 bhp,248Nm@ 2250rpm,5.0,494738.5550707615,ridge_regression,ridge_regression,ridge_regression
Honda City i DTEC VX,2015,700000,140000,Diesel,Individual,Manual,Second Owner,25.1 kmpl,1498 CC,98.6 bhp,200Nm@ 1750rpm,5.0,638194.2695887599,ridge_regression,ridge_regression,ridge_regression
Maruti Swift AMT ZXI Plus BSIV,2019,700000,20000,Petrol,Individual,Automatic,First Owner,22.0 kmpl,1197 CC,81.80 bhp,113Nm@ 4200rpm,5.0,649270.282775989,ridge_regression,ridge_regression,ridge_regression
Hyundai Grand i10 1.2 Kappa Sportz BSIV,2018,450000,56000,Petrol,Individual,Manual,First Owner,18.9 kmpl,1197 CC,81.86 bhp,113.75nm@ 4000rpm,5.0,532279.7056149468,ridge_regression,ridge_regression,ridge_regression
Hyundai Grand i10 Asta,2015,434999,40000,Petrol,Dealer,Manual,First Owner,18.9 kmpl,1197 CC,82 bhp,114Nm@ 4000rpm,5.0,474577.2196840442,ridge_regression,ridge_regression,ridge_regression
Mahindra Bolero DI,2011,370000,120000,Diesel,Individual,Manual,Third Owner,13.6 kmpl,2523 CC,63 bhp,180 Nm at 1440-1500rpm,7.0,324985.0422661726,ridge_regression,ridge_regression,ridge_regression
Maruti Ertiga ZDI,2013,385000,100000,Diesel,Individual,Manual,Third Owner,20.77 kmpl,1248 CC,88.8 bhp,200Nm@ 1750rpm,7.0,563194.2203052435,ridge_regression,ridge_regression,ridge_regression
Hyundai Grand i10 Magna,2016,470000,10000,Petrol,Individual,Manual,First Owner,18.9 kmpl,1197 CC,82 bhp,114Nm@ 4000rpm,5.0,444686.1976585653,ridge_regression,ridge_regression,ridge_regression
Maruti SX4 ZDI Leather,2012,380000,80000,Diesel,Individual,Manual,Fourth & Above Owner,21.5 kmpl,1248 CC,88.8 bhp,200Nm@ 1750rpm,5.0,367368.8994750518,ridge_regression,ridge_regression,ridge_regression
Skoda Rapid 1.6 TDI Ambition Plus Alloy,2012,380000,145000,Diesel,Individual,Manual,First Owner,20.5 kmpl,1598 CC,103.5 bhp,250Nm@ 1500-2500rpm,5.0,397085.8519287124,ridge_regression,ridge_regression,ridge_regression
Mahindra Xylo D2,2011,350000,120000,Diesel,Individual,Manual,First Owner,13.0 kmpl,2489 CC,95 bhp,220Nm at 1400-2600 rpm,8.0,284085.2894497439,ridge_regression,ridge_regression,ridge_regression
Chevrolet Sail Hatchback LS ABS,2013,420000,46815,Diesel,Individual,Manual,Second Owner,22.1 kmpl,1248 CC,76.9 bhp,205Nm@ 1750rpm,5.0,275436.94123684516,ridge_regression,ridge_regression,ridge_regression
Toyota Innova 2.5 V Diesel 7-seater,2008,570000,134000,Diesel,Individual,Manual,Second Owner,12.8 kmpl,2494 CC,102 bhp,20.4@ 1400-3400(kgm@ rpm),7.0,489143.73656466353,ridge_regression,ridge_regression,ridge_regression
Maruti Swift Dzire AMT VXI,2019,600000,10000,Petrol,Individual,Automatic,First Owner,21.21 kmpl,1197 CC,81.80 bhp,113Nm@ 4200rpm,5.0,675908.723411731,ridge_regression,ridge_regression,ridge_regression
Maruti Wagon R LXI,2013,225000,58343,Petrol,Trustmark Dealer,Manual,First Owner,21.79 kmpl,998 CC,67.05 bhp,90Nm@ 3500rpm,5.0,238828.9810521123,ridge_regression,ridge_regression,ridge_regression
Honda City i DTEC S,2015,600000,70000,Diesel,Individual,Manual,First Owner,26.0 kmpl,1498 CC,98.6 bhp,200Nm@ 1750rpm,5.0,587688.7494522501,ridge_regression,ridge_regression,ridge_regression
Chevrolet Cruze LT,2011,300000,40000,Diesel,Individual,Manual,First Owner,18.3 kmpl,1991 CC,147.9 bhp,327Nm@ 2600rpm,5.0,537529.5797302558,ridge_regression,ridge_regression,ridge_regression
Mahindra Bolero 2011-2019 ZLX,2017,800000,35000,Diesel,Individual,Manual,First Owner,15.96 kmpl,2523 CC,62.1 bhp,195Nm@ 1400-2200rpm,7.0,649179.7411390641,ridge_regression,ridge_regression,ridge_regression
Hyundai Grand i10 1.2 CRDi Sportz,2017,450000,56290,Diesel,Dealer,Manual,First Owner,24.0 kmpl,1186 CC,73.97 bhp,190.24nm@ 1750-2250rpm,5.0,465812.3675452964,ridge_regression,ridge_regression,ridge_regression
Hyundai i10 Era 1.1,2012,290000,28000,Petrol,Dealer,Manual,First Owner,19.81 kmpl,1086 CC,68.05 bhp,99.04Nm@ 4500rpm,5.0,268626.0123533941,ridge_regression,ridge_regression,ridge_regression
Toyota Fortuner 4x4 MT,2015,2000000,20000,Diesel,Individual,Manual,First Owner,12.55 kmpl,2982 CC,168.5 bhp,343Nm@ 1400-3400rpm,7.0,1741491.630275206,ridge_regression,ridge_regression,ridge_regression
Maruti Swift Dzire LDI,2016,600000,150000,Diesel,Individual,Manual,First Owner,26.59 kmpl,1248 CC,74 bhp,190Nm@ 2000rpm,5.0,508967.39695514034,ridge_regression,ridge_regression,ridge_regression
Tata Zest Revotron 1.2T XMS,2015,450000,40000,Petrol,Individual,Manual,First Owner,17.57 kmpl,1193 CC,88.7 bhp,140Nm@ 1500-4000rpm,5.0,367554.25143200945,ridge_regression,ridge_regression,ridge_regression
Maruti Swift Vdi BSIII,2010,260000,120000,Diesel,Individual,Manual,Second Owner,17.8 kmpl,1248 CC,75 bhp,190Nm@ 2000rpm,5.0,296277.81644655525,ridge_regression,ridge_regression,ridge_regression
Hyundai i20 1.2 Sportz,2011,290000,90000,Petrol,Individual,Manual,Third Owner,17.0 kmpl,1197 CC,80 bhp,"11.4 kgm at 4,000 rpm",5.0,271195.5457356486,ridge_regression,ridge_regression,ridge_regression
Maruti Swift LXI,2019,500000,15000,Petrol,Individual,Manual,First Owner,21.21 kmpl,1197 CC,81.80 bhp,113Nm@ 4200rpm,5.0,476838.40772013087,ridge_regression,ridge_regression,ridge_regression
Toyota Innova 2.5 G2,2005,245000,120000,Diesel,Individual,Manual,First Owner,12.8 kmpl,2494 CC,102 bhp,20.4@ 1400-3400(kgm@ rpm),8.0,422253.0009019729,ridge_regression,ridge_regression,ridge_regression
Honda City 1.5 S MT,2011,421000,105000,Petrol,Individual,Manual,First Owner,17.0 kmpl,1497 CC,118 bhp,146Nm at 4800 rpm,5.0,430567.4962286554,ridge_regression,ridge_regression,ridge_regression
Maruti Swift VXI Optional,2017,600000,24522,Petrol,Dealer,Manual,First Owner,20.4 kmpl,1197 CC,81.80 bhp,113Nm@ 4200rpm,5.0,550665.8187441012,ridge_regression,ridge_regression,ridge_regression
Maruti Vitara Brezza LDi Option,2016,640000,70000,Diesel,Individual,Manual,First Owner,24.3 kmpl,1248 CC,88.5 bhp,200Nm@ 1750rpm,5.0,656040.0300246151,ridge_regression,ridge_regression,ridge_regression
Hyundai Xcent 1.2 CRDi E Plus,2017,450000,40000,Diesel,Individual,Manual,Second Owner,25.4 kmpl,1186 CC,73.97 bhp,190.24nm@ 1750-2250rpm,5.0,409482.04066118057,ridge_regression,ridge_regression,ridge_regression
Mahindra Scorpio SLX 2.6 Turbo 8 Str,2007,300000,110000,Diesel,Individual,Manual,First Owner,10.5 kmpl,2179 CC,120 bhp,290Nm@ 1800-2800rpm,7.0,327603.49425458175,ridge_regression,ridge_regression,ridge_regression
